example_id,segment,v3_judge_passed,v4_judge_passed,v3_human_passed,v4_human_passed
q00000,billing,0,1,,
q00001,billing,1,1,1,1
q00002,account,1,0,,
q00003,billing,1,1,,
q00004,billing,0,1,,
q00005,technical,1,1,,
q00006,billing,0,1,,
q00007,billing,0,1,,
q00008,account,1,1,,
q00009,billing,1,1,1,0
q00010,technical,1,1,,
q00011,technical,1,1,,
q00012,account,1,1,1,1
q00013,technical,0,1,,
q00014,account,1,1,1,1
q00015,account,1,1,1,1
q00016,billing,1,1,,
q00017,account,1,1,0,1
q00018,technical,0,1,0,1
q00019,account,0,1,0,1
q00020,billing,0,1,0,1
q00021,account,0,1,,
q00022,technical,1,1,,
q00023,technical,0,1,,
q00024,billing,1,0,,
q00025,technical,0,1,0,0
q00026,account,1,1,1,1
q00027,account,1,1,1,1
q00028,billing,1,1,1,1
q00029,billing,0,1,,
q00030,account,1,1,1,1
q00031,billing,1,0,0,0
q00032,billing,1,1,1,0
q00033,technical,1,1,,
q00034,billing,1,1,1,1
q00035,technical,1,0,,
q00036,billing,1,1,,
q00037,account,0,1,,
q00038,billing,1,1,,
q00039,billing,0,1,1,1
q00040,account,0,1,,
q00041,billing,0,0,,
q00042,technical,1,0,,
q00043,technical,1,1,,
q00044,account,1,0,0,0
q00045,billing,1,1,,
q00046,billing,1,1,,
q00047,account,1,1,,
q00048,billing,1,0,,
q00049,account,1,1,1,1
q00050,account,1,1,1,1
q00051,technical,0,0,1,0
q00052,billing,0,1,,
q00053,billing,0,0,,
q00054,account,1,1,1,1
q00055,billing,0,0,,
q00056,technical,0,1,,
q00057,account,1,1,,
q00058,account,1,1,,
q00059,technical,0,0,,
q00060,account,1,0,,
q00061,billing,1,1,,
q00062,technical,0,1,,
q00063,billing,1,1,,
q00064,billing,1,0,,
q00065,technical,0,1,0,1
q00066,billing,0,1,,
q00067,technical,0,0,0,0
q00068,technical,1,1,1,1
q00069,billing,1,0,,
q00070,account,0,1,1,1
q00071,billing,1,1,0,1
q00072,technical,0,1,,
q00073,billing,1,1,,
q00074,technical,0,1,0,0
q00075,billing,0,0,0,0
q00076,technical,1,1,,
q00077,technical,1,1,1,1
q00078,billing,1,1,,
q00079,technical,1,0,,
q00080,account,0,1,1,1
q00081,account,1,1,,
q00082,technical,1,1,1,0
q00083,technical,0,1,,
q00084,technical,1,1,1,1
q00085,billing,1,1,1,1
q00086,account,0,0,,
q00087,account,1,1,1,1
q00088,account,0,0,,
q00089,billing,1,0,1,0
q00090,technical,1,1,0,0
q00091,account,1,1,0,1
q00092,account,1,0,,
q00093,billing,1,1,,
q00094,technical,1,1,,
q00095,account,0,1,,
q00096,technical,1,1,1,1
q00097,account,0,1,0,1
q00098,account,1,1,,
q00099,technical,0,1,,
q00100,technical,1,0,1,0
q00101,billing,1,1,,
q00102,billing,0,1,1,1
q00103,technical,1,1,,
q00104,billing,0,0,1,0
q00105,billing,1,1,0,1
q00106,billing,1,1,,
q00107,billing,1,0,,
q00108,technical,1,1,1,1
q00109,account,1,1,0,1
q00110,technical,1,1,,
q00111,billing,0,1,0,1
q00112,account,0,1,,
q00113,account,1,1,1,1
q00114,billing,1,1,,
q00115,billing,1,0,,
q00116,billing,1,1,,
q00117,account,1,1,,
q00118,billing,0,0,0,0
q00119,billing,1,1,1,1
q00120,technical,1,1,1,0
q00121,billing,1,0,,
q00122,billing,0,1,,
q00123,billing,1,1,0,1
q00124,billing,1,0,,
q00125,billing,1,1,,
q00126,technical,1,1,,
q00127,billing,0,0,1,0
q00128,technical,1,1,,
q00129,technical,1,1,1,0
q00130,account,1,1,,
q00131,billing,0,1,0,1
q00132,technical,0,1,,
q00133,account,1,1,0,1
q00134,account,0,1,,
q00135,account,1,1,1,1
q00136,account,1,1,,
q00137,billing,1,1,,
q00138,technical,1,1,,
q00139,account,1,1,0,1
q00140,billing,0,1,,
q00141,billing,0,1,,
q00142,account,1,1,,
q00143,billing,0,0,,
q00144,account,0,1,,
q00145,billing,1,1,,
q00146,billing,1,1,0,1
q00147,account,1,1,,
q00148,billing,1,0,1,0
q00149,billing,0,1,,
q00150,billing,1,0,0,0
q00151,technical,1,1,,
q00152,account,0,1,0,1
q00153,billing,1,1,,
q00154,billing,0,1,1,1
q00155,account,1,1,1,1
q00156,account,1,1,,
q00157,billing,1,0,,
q00158,billing,1,1,,
q00159,billing,1,1,,
q00160,technical,1,1,1,1
q00161,technical,0,1,1,1
q00162,technical,1,1,1,1
q00163,account,0,1,,
q00164,technical,1,1,,
q00165,technical,1,0,,
q00166,billing,0,1,,
q00167,billing,1,0,1,1
q00168,account,0,1,,
q00169,account,0,0,,
q00170,account,1,1,0,0
q00171,account,0,1,,
q00172,technical,0,0,,
q00173,billing,1,1,1,1
q00174,technical,1,0,1,0
q00175,billing,1,1,1,1
q00176,account,1,1,,
q00177,billing,1,1,,
q00178,billing,1,1,,
q00179,billing,1,1,,
q00180,billing,1,1,,
q00181,account,1,1,,
q00182,technical,1,1,,
q00183,technical,1,1,,
q00184,technical,0,1,,
q00185,account,1,1,1,1
q00186,technical,0,1,,
q00187,billing,1,1,,
q00188,billing,0,1,,
q00189,account,1,1,,
q00190,technical,0,1,,
q00191,account,1,1,1,1
q00192,billing,1,1,,
q00193,billing,1,1,,
q00194,account,1,1,1,1
q00195,account,0,1,,
q00196,technical,1,0,,
q00197,account,1,1,,
q00198,technical,0,1,0,0
q00199,account,0,1,,
q00200,technical,1,1,,
q00201,account,1,0,,
q00202,account,1,1,1,1
q00203,account,1,1,,
q00204,billing,1,1,,
q00205,billing,1,1,,
q00206,billing,0,0,,
q00207,account,1,1,,
q00208,billing,1,0,,
q00209,account,0,1,,
q00210,technical,0,1,0,0
q00211,billing,1,1,1,1
q00212,account,0,1,,
q00213,billing,0,1,,
q00214,technical,0,1,0,1
q00215,account,1,1,,
q00216,account,1,1,,
q00217,billing,1,1,,
q00218,billing,1,1,,
q00219,technical,1,1,,
q00220,technical,0,1,,
q00221,billing,1,0,,
q00222,billing,1,1,1,1
q00223,billing,0,0,,
q00224,account,1,0,,
q00225,billing,1,1,,
q00226,billing,1,1,,
q00227,account,0,0,,
q00228,billing,1,1,,
q00229,technical,1,1,0,1
q00230,technical,0,1,,
q00231,billing,0,1,,
q00232,account,0,1,,
q00233,billing,0,1,0,1
q00234,account,0,0,,
q00235,account,1,1,1,1
q00236,billing,1,1,,
q00237,billing,0,0,0,1
q00238,account,1,1,,
q00239,account,1,1,,
q00240,account,0,1,,
q00241,billing,1,1,1,1
q00242,account,1,1,,
q00243,technical,1,1,,
q00244,account,0,1,,
q00245,account,1,1,1,1
q00246,billing,1,1,,
q00247,technical,1,0,1,0
q00248,account,0,0,,
q00249,billing,0,1,,
q00250,account,1,1,1,1
q00251,account,0,1,,
q00252,billing,1,1,,
q00253,account,1,1,,
q00254,billing,0,1,1,1
q00255,technical,0,1,1,1
q00256,account,0,1,0,1
q00257,technical,0,0,,
q00258,technical,1,1,0,1
q00259,billing,0,1,,
q00260,billing,1,0,,
q00261,account,0,1,,
q00262,account,1,1,1,1
q00263,technical,1,1,,
q00264,account,0,0,,
q00265,account,1,1,,
q00266,account,1,0,0,0
q00267,technical,1,1,,
q00268,account,1,0,,
q00269,technical,0,1,0,1
q00270,technical,0,1,,
q00271,technical,0,1,,
q00272,technical,1,1,,
q00273,account,0,1,,
q00274,technical,0,1,0,0
q00275,account,1,1,,
q00276,billing,1,0,1,0
q00277,technical,0,1,0,0
q00278,account,0,0,,
q00279,billing,1,1,,
q00280,account,1,1,1,1
q00281,account,1,1,1,1
q00282,technical,0,1,0,1
q00283,account,1,1,,
q00284,technical,1,1,,
q00285,technical,1,1,,
q00286,technical,1,1,,
q00287,billing,1,1,,
q00288,billing,1,1,1,1
q00289,technical,1,1,,
q00290,account,1,1,,
q00291,billing,1,1,,
q00292,account,1,0,1,0
q00293,billing,1,1,,
q00294,billing,0,1,,
q00295,technical,0,0,,
q00296,billing,1,1,,
q00297,account,1,0,1,0
q00298,billing,1,1,1,1
q00299,account,1,0,,
q00300,technical,0,1,,
q00301,account,1,0,1,0
q00302,account,1,0,1,0
q00303,account,0,1,,
q00304,technical,0,1,,
q00305,account,1,1,1,1
q00306,account,0,0,,
q00307,billing,1,1,1,1
q00308,billing,0,1,,
q00309,billing,0,1,,
q00310,billing,0,1,,
q00311,account,1,1,,
q00312,account,1,0,1,0
q00313,billing,1,1,1,1
q00314,technical,0,1,,
q00315,account,1,1,1,1
q00316,account,1,1,,
q00317,billing,0,1,0,1
q00318,account,1,0,1,1
q00319,billing,1,1,,
q00320,account,1,0,1,1
q00321,account,1,1,1,0
q00322,account,1,1,1,1
q00323,account,1,1,,
q00324,billing,1,1,0,1
q00325,account,1,1,1,1
q00326,billing,1,1,1,1
q00327,billing,1,1,,
q00328,account,0,1,0,1
q00329,technical,0,1,,
q00330,account,0,0,0,0
q00331,billing,1,1,,
q00332,billing,0,0,,
q00333,billing,1,1,,
q00334,technical,1,1,,
q00335,billing,0,1,,
q00336,billing,1,1,,
q00337,billing,0,0,,
q00338,billing,1,1,1,1
q00339,billing,1,1,,
q00340,billing,0,1,,
q00341,account,1,1,1,0
q00342,billing,1,0,,
q00343,account,0,1,,
q00344,account,0,1,0,1
q00345,technical,1,1,1,0
q00346,billing,0,1,0,1
q00347,account,0,1,,
q00348,technical,0,0,,
q00349,technical,1,1,1,0
q00350,billing,1,1,,
q00351,billing,0,1,,
q00352,account,1,1,,
q00353,billing,1,1,,
q00354,billing,1,1,,
q00355,account,1,1,,
q00356,technical,1,1,,
q00357,technical,0,1,,
q00358,billing,1,0,,
q00359,billing,0,1,,
q00360,account,1,1,,
q00361,billing,0,1,,
q00362,account,1,1,,
q00363,billing,0,1,,
q00364,billing,0,0,,
q00365,technical,1,1,1,1
q00366,technical,0,1,,
q00367,account,0,0,0,0
q00368,account,0,1,1,1
q00369,account,1,1,1,1
q00370,billing,0,1,,
q00371,billing,1,1,,
q00372,billing,0,1,,
q00373,billing,1,0,0,1
q00374,technical,1,1,1,0
q00375,account,1,0,,
q00376,billing,1,0,,
q00377,account,1,1,,
q00378,technical,0,0,0,0
q00379,billing,1,0,1,1
q00380,billing,1,0,,
q00381,technical,0,0,1,0
q00382,account,0,1,,
q00383,technical,1,1,,
q00384,billing,1,1,1,1
q00385,technical,0,1,,
q00386,technical,1,1,,
q00387,technical,1,1,,
q00388,billing,0,1,0,0
q00389,account,1,1,1,1
q00390,technical,1,0,1,0
q00391,account,1,1,,
q00392,account,0,1,,
q00393,technical,1,1,,
q00394,billing,1,1,,
q00395,billing,1,1,1,1
q00396,account,1,0,,
q00397,billing,1,1,1,1
q00398,technical,1,1,0,1
q00399,billing,1,0,0,0
q00400,billing,1,0,0,1
q00401,account,0,1,,
q00402,account,1,0,1,1
q00403,billing,1,0,,
q00404,billing,0,1,0,1
q00405,technical,0,1,,
q00406,billing,1,1,,
q00407,technical,1,1,,
q00408,billing,0,1,1,1
q00409,account,1,1,,
q00410,billing,1,1,1,1
q00411,account,1,1,,
q00412,account,1,1,,
q00413,technical,1,1,1,0
q00414,technical,1,1,1,0
q00415,billing,1,1,,
q00416,account,1,1,0,1
q00417,technical,0,0,,
q00418,billing,0,0,0,1
q00419,account,1,1,,
q00420,technical,0,1,,
q00421,account,0,1,1,1
q00422,account,0,0,0,1
q00423,billing,1,0,,
q00424,account,1,1,,
q00425,account,1,0,1,0
q00426,billing,1,1,,
q00427,billing,0,0,,
q00428,billing,0,1,0,0
q00429,technical,1,1,,
q00430,account,1,1,1,1
q00431,technical,1,1,,
q00432,billing,1,1,0,1
q00433,technical,1,0,,
q00434,billing,1,1,1,1
q00435,billing,1,0,,
q00436,billing,1,1,,
q00437,billing,1,0,1,0
q00438,billing,1,0,1,0
q00439,account,1,1,,
q00440,billing,1,1,,
q00441,technical,1,1,1,0
q00442,technical,1,1,,
q00443,billing,1,0,,
q00444,technical,0,1,,
q00445,technical,1,0,1,0
q00446,billing,1,0,,
q00447,account,1,0,,
q00448,account,0,1,0,1
q00449,billing,1,1,,
q00450,technical,0,1,0,1
q00451,billing,0,1,0,1
q00452,technical,1,1,1,0
q00453,billing,0,1,0,1
q00454,billing,1,1,,
q00455,billing,1,1,,
q00456,technical,1,1,1,1
q00457,billing,1,1,,
q00458,billing,1,1,1,1
q00459,technical,1,1,,
q00460,technical,0,0,,
q00461,technical,1,0,,
q00462,technical,0,1,,
q00463,technical,0,1,,
q00464,account,1,0,,
q00465,account,0,1,,
q00466,billing,1,1,,
q00467,billing,1,1,1,1
q00468,billing,1,1,,
q00469,account,1,1,,
q00470,account,1,1,,
q00471,technical,0,0,,
q00472,account,1,1,1,1
q00473,billing,1,1,,
q00474,account,0,0,,
q00475,billing,1,1,,
q00476,account,0,0,,
q00477,billing,0,1,0,1
q00478,technical,1,1,0,1
q00479,billing,1,1,,
q00480,billing,1,1,,
q00481,account,1,1,,
q00482,billing,1,0,0,0
q00483,billing,0,1,,
q00484,billing,1,1,,
q00485,billing,0,1,,
q00486,technical,0,1,0,0
q00487,billing,1,1,,
q00488,technical,0,1,,
q00489,account,1,1,1,1
q00490,account,1,1,1,1
q00491,billing,1,1,,
q00492,billing,1,0,1,1
q00493,billing,1,1,,
q00494,account,1,1,1,1
q00495,billing,0,1,0,1
q00496,billing,1,1,,
q00497,billing,1,1,0,1
q00498,technical,0,1,0,0
q00499,account,1,1,1,1
q00500,technical,0,1,,
q00501,account,1,0,1,0
q00502,billing,1,1,,
q00503,account,0,1,,
q00504,technical,1,1,,
q00505,technical,1,1,,
q00506,billing,1,0,1,1
q00507,billing,1,1,,
q00508,account,1,1,,
q00509,technical,0,1,,
q00510,account,1,1,,
q00511,account,0,0,0,0
q00512,account,1,0,,
q00513,billing,1,1,,
q00514,account,1,1,,
q00515,billing,0,1,,
q00516,account,1,1,1,1
q00517,account,1,1,1,1
q00518,account,0,1,,
q00519,billing,0,1,,
q00520,account,1,1,,
q00521,technical,0,1,,
q00522,billing,1,1,,
q00523,technical,1,1,1,1
q00524,billing,1,1,,
q00525,account,0,1,,
q00526,technical,1,1,,
q00527,account,0,1,,
q00528,account,1,1,,
q00529,billing,1,1,,
q00530,technical,1,1,1,1
q00531,billing,1,1,,
q00532,billing,1,0,0,0
q00533,account,0,1,,
q00534,technical,1,0,1,0
q00535,technical,1,1,,
q00536,billing,1,1,,
q00537,account,0,1,,
q00538,account,1,1,1,1
q00539,account,0,0,0,0
q00540,account,0,0,0,0
q00541,billing,1,1,,
q00542,account,1,1,1,1
q00543,account,0,1,,
q00544,technical,1,1,,
q00545,billing,1,1,,
q00546,account,0,0,1,0
q00547,technical,0,0,,
q00548,account,0,1,,
q00549,account,1,1,1,1
q00550,technical,1,1,1,0
q00551,account,1,0,,
q00552,billing,0,1,,
q00553,technical,1,1,,
q00554,technical,1,1,,
q00555,billing,1,1,1,1
q00556,billing,1,1,1,1
q00557,technical,1,1,1,0
q00558,billing,1,1,,
q00559,account,1,0,,
q00560,billing,1,1,1,0
q00561,technical,1,1,1,1
q00562,account,1,1,,
q00563,billing,1,0,,
q00564,billing,1,1,1,1
q00565,billing,1,1,,
q00566,technical,1,1,1,0
q00567,account,0,0,1,0
q00568,account,0,1,,
q00569,billing,1,1,,
q00570,technical,1,1,1,0
q00571,billing,0,1,,
q00572,technical,0,1,0,0
q00573,billing,0,1,,
q00574,account,0,1,0,1
q00575,account,1,1,,
q00576,billing,1,1,,
q00577,account,1,1,,
q00578,billing,0,0,,
q00579,billing,1,1,1,1
q00580,technical,1,1,,
q00581,technical,1,1,,
q00582,account,1,0,1,1
q00583,billing,1,1,1,1
q00584,account,1,1,1,1
q00585,billing,1,1,0,1
q00586,technical,1,1,,
q00587,billing,1,1,,
q00588,technical,0,1,,
q00589,billing,1,0,,
q00590,account,1,1,,
q00591,account,0,0,0,0
q00592,technical,0,0,,
q00593,account,1,1,,
q00594,account,1,1,0,1
q00595,account,1,1,1,1
q00596,technical,1,0,,
q00597,technical,0,1,,
q00598,billing,0,1,,
q00599,billing,1,1,1,1
q00600,billing,1,1,,
q00601,account,1,1,1,1
q00602,account,1,0,,
q00603,technical,1,1,,
q00604,technical,1,1,1,0
q00605,billing,0,1,,
q00606,billing,0,1,,
q00607,technical,0,0,,
q00608,account,0,1,,
q00609,account,0,1,0,1
q00610,technical,0,1,,
q00611,billing,1,1,1,1
q00612,account,0,0,,
q00613,technical,1,1,,
q00614,account,1,1,1,0
q00615,billing,0,1,,
q00616,account,0,1,,
q00617,billing,1,1,,
q00618,billing,1,1,1,1
q00619,account,1,0,,
q00620,billing,0,1,0,1
q00621,technical,0,1,0,0
q00622,account,1,1,,
q00623,account,1,1,,
q00624,billing,1,1,1,1
q00625,technical,1,1,,
q00626,account,0,0,,
q00627,technical,1,1,,
q00628,billing,1,1,,
q00629,technical,0,1,,
q00630,billing,1,1,,
q00631,technical,1,1,,
q00632,account,1,0,,
q00633,account,1,1,1,1
q00634,billing,0,1,0,1
q00635,billing,0,1,,
q00636,billing,1,1,1,1
q00637,technical,1,1,,
q00638,account,0,1,,
q00639,technical,1,1,,
q00640,billing,1,1,1,1
q00641,account,1,0,,
q00642,billing,0,1,,
q00643,technical,0,1,,
q00644,account,1,1,,
q00645,account,0,0,,
q00646,billing,1,1,,
q00647,technical,0,1,,
q00648,technical,1,1,0,1
q00649,billing,1,1,1,1
q00650,billing,1,1,,
q00651,technical,1,1,,
q00652,account,1,0,1,0
q00653,account,1,1,,
q00654,account,1,1,1,1
q00655,billing,1,1,1,1
q00656,billing,1,0,1,0
q00657,billing,1,0,,
q00658,account,1,1,1,1
q00659,billing,1,1,,
q00660,account,1,1,1,1
q00661,technical,0,1,0,1
q00662,billing,1,0,0,0
q00663,technical,0,1,,
q00664,technical,1,1,,
q00665,billing,0,1,0,1
q00666,account,1,1,,
q00667,billing,1,1,,
q00668,account,1,1,,
q00669,account,1,1,,
q00670,billing,1,1,1,1
q00671,billing,0,1,0,1
q00672,technical,1,1,,
q00673,account,0,1,0,1
q00674,technical,1,1,1,0
q00675,billing,1,1,,
q00676,billing,1,1,,
q00677,billing,1,1,,
q00678,account,1,1,1,1
q00679,account,1,0,1,0
q00680,billing,1,1,1,1
q00681,billing,1,1,,
q00682,billing,1,1,1,1
q00683,billing,1,0,,
q00684,technical,1,0,1,0
q00685,billing,1,1,,
q00686,account,0,0,0,0
q00687,account,0,1,,
q00688,technical,0,1,0,1
q00689,technical,1,1,,
q00690,account,1,1,1,1
q00691,account,1,0,,
q00692,billing,1,1,,
q00693,technical,0,1,,
q00694,technical,1,1,0,1
q00695,billing,0,0,0,0
q00696,billing,1,1,,
q00697,billing,0,1,1,0
q00698,technical,0,1,,
q00699,account,1,1,,
q00700,billing,1,0,,
q00701,account,1,1,,
q00702,account,0,0,0,0
q00703,technical,1,1,,
q00704,billing,1,1,1,1
q00705,billing,1,1,,
q00706,account,0,0,,
q00707,billing,0,1,0,1
q00708,account,0,0,,
q00709,account,1,1,,
q00710,billing,1,1,,
q00711,billing,1,1,1,1
q00712,billing,1,1,,
q00713,account,0,0,,
q00714,billing,0,1,,
q00715,billing,1,1,1,1
q00716,account,0,1,0,1
q00717,account,1,1,1,1
q00718,billing,1,0,,
q00719,billing,1,1,,
q00720,technical,1,1,1,1
q00721,billing,1,1,,
q00722,account,1,1,,
q00723,account,0,0,0,0
q00724,technical,0,1,,
q00725,account,0,1,0,1
q00726,account,1,0,,
q00727,billing,1,0,,
q00728,technical,0,1,,
q00729,technical,0,1,,
q00730,billing,1,1,1,1
q00731,billing,0,1,,
q00732,billing,0,1,,
q00733,technical,1,1,1,1
q00734,technical,0,0,0,0
q00735,account,0,1,0,1
q00736,account,1,1,1,1
q00737,account,1,0,,
q00738,technical,1,1,1,0
q00739,technical,1,1,1,1
q00740,account,0,0,,
q00741,account,1,1,1,1
q00742,account,0,1,,
q00743,billing,0,1,,
q00744,technical,1,0,1,0
q00745,billing,1,0,1,0
q00746,account,1,0,,
q00747,billing,1,1,,
q00748,billing,1,0,1,0
q00749,technical,1,1,1,0
q00750,account,1,1,1,1
q00751,account,0,1,,
q00752,account,0,0,,
q00753,technical,1,1,,
q00754,technical,0,1,,
q00755,account,1,0,,
q00756,billing,0,0,0,0
q00757,technical,0,1,0,1
q00758,billing,1,1,,
q00759,billing,0,1,0,1
q00760,billing,1,0,1,0
q00761,account,0,1,,
q00762,billing,1,0,,
q00763,billing,0,1,0,1
q00764,billing,1,1,1,1
q00765,billing,0,1,,
q00766,technical,1,1,,
q00767,billing,1,1,,
q00768,account,1,1,,
q00769,billing,1,1,1,1
q00770,billing,1,1,,
q00771,technical,0,1,0,1
q00772,account,0,0,,
q00773,technical,1,1,,
q00774,billing,1,1,,
q00775,account,0,1,0,1
q00776,billing,1,1,,
q00777,technical,1,1,,
q00778,technical,0,1,,
q00779,technical,1,1,1,1
q00780,technical,0,0,0,1
q00781,account,1,1,,
q00782,billing,1,1,,
q00783,billing,1,0,1,1
q00784,billing,1,1,1,1
q00785,billing,1,1,,
q00786,billing,1,1,,
q00787,billing,0,1,,
q00788,billing,0,1,,
q00789,billing,0,0,0,0
q00790,billing,1,1,,
q00791,billing,1,0,,
q00792,billing,1,1,,
q00793,technical,0,1,,
q00794,billing,0,0,,
q00795,billing,1,0,1,1
q00796,technical,1,1,,
q00797,billing,0,0,,
q00798,account,0,1,,
q00799,technical,1,1,,
q00800,account,1,1,,
q00801,billing,0,1,0,1
q00802,technical,1,0,1,0
q00803,billing,1,1,,
q00804,account,1,1,1,1
q00805,billing,0,1,,
q00806,technical,0,0,,
q00807,technical,1,0,,
q00808,account,0,1,,
q00809,billing,0,1,0,1
q00810,account,1,1,,
q00811,billing,0,1,,
q00812,account,0,1,,
q00813,billing,0,1,0,1
q00814,billing,1,1,,
q00815,technical,0,1,1,1
q00816,technical,0,1,,
q00817,account,1,1,,
q00818,account,1,1,,
q00819,billing,1,0,,
q00820,billing,0,1,,
q00821,billing,1,1,,
q00822,billing,1,1,,
q00823,billing,1,1,,
q00824,technical,1,1,1,0
q00825,account,1,1,,
q00826,billing,1,0,0,0
q00827,account,0,0,,
q00828,account,1,1,,
q00829,billing,0,1,,
q00830,technical,0,0,,
q00831,account,1,1,,
q00832,billing,1,1,,
q00833,technical,0,0,0,0
q00834,billing,1,1,1,1
q00835,billing,1,1,0,1
q00836,account,1,1,,
q00837,billing,1,1,,
q00838,account,0,0,,
q00839,account,0,1,,
q00840,billing,0,1,,
q00841,billing,1,1,1,1
q00842,billing,0,1,,
q00843,billing,0,1,,
q00844,technical,1,1,1,1
q00845,billing,1,1,1,1
q00846,billing,0,1,,
q00847,technical,0,1,0,0
q00848,technical,1,1,1,1
q00849,account,0,1,0,0
q00850,billing,0,1,,
q00851,account,1,1,1,1
q00852,account,1,1,,
q00853,account,0,1,,
q00854,account,1,0,,
q00855,billing,1,1,,
q00856,account,1,1,,
q00857,technical,0,1,,
q00858,technical,1,1,,
q00859,billing,1,1,1,1
q00860,billing,0,0,1,0
q00861,account,0,1,0,1
q00862,billing,1,0,,
q00863,account,1,0,1,0
q00864,technical,1,1,,
q00865,technical,1,1,,
q00866,account,0,1,0,0
q00867,account,1,1,,
q00868,technical,1,1,,
q00869,technical,0,0,,
q00870,account,1,1,,
q00871,account,1,1,,
q00872,technical,0,1,0,1
q00873,billing,0,1,0,1
q00874,account,1,1,,
q00875,technical,1,1,0,1
q00876,technical,1,1,,
q00877,billing,1,1,,
q00878,billing,1,1,,
q00879,billing,0,1,,
q00880,billing,0,0,,
q00881,billing,1,1,1,1
q00882,technical,1,1,,
q00883,technical,1,1,1,0
q00884,account,1,1,,
q00885,account,1,1,,
q00886,technical,1,1,,
q00887,account,1,1,,
q00888,billing,1,1,0,1
q00889,technical,1,1,,
q00890,account,1,0,1,0
q00891,billing,1,1,,
q00892,technical,0,1,,
q00893,account,1,1,1,0
q00894,account,1,1,1,1
q00895,billing,1,0,1,0
q00896,account,1,1,,
q00897,technical,0,1,0,1
q00898,account,1,1,,
q00899,account,1,1,,
q00900,billing,0,0,,
q00901,billing,1,1,,
q00902,account,0,1,,
q00903,account,1,0,1,0
q00904,technical,1,1,1,1
q00905,technical,1,1,1,1
q00906,account,1,1,,
q00907,billing,1,1,,
q00908,technical,1,0,,
q00909,account,0,1,,
q00910,billing,1,1,0,1
q00911,account,1,1,,
q00912,billing,0,1,0,1
q00913,technical,1,1,,
q00914,billing,1,1,,
q00915,account,1,1,0,1
q00916,billing,0,1,,
q00917,account,1,1,,
q00918,account,1,1,1,1
q00919,account,1,1,,
q00920,account,1,1,1,1
q00921,billing,1,1,1,1
q00922,account,0,1,0,1
q00923,technical,0,0,,
q00924,account,0,1,,
q00925,account,1,1,1,1
q00926,account,1,1,1,1
q00927,billing,0,1,,
q00928,billing,0,0,,
q00929,billing,1,0,,
q00930,technical,1,1,1,0
q00931,account,1,1,,
q00932,account,0,1,,
q00933,account,0,1,1,1
q00934,billing,1,1,,
q00935,technical,1,0,,
q00936,account,1,1,1,1
q00937,account,1,0,,
q00938,billing,0,1,0,1
q00939,account,0,0,,
q00940,account,0,1,0,1
q00941,billing,1,1,,
q00942,account,1,1,,
q00943,account,1,1,0,1
q00944,billing,1,0,1,1
q00945,account,1,0,1,0
q00946,account,0,1,,
q00947,account,0,0,,
q00948,technical,1,1,,
q00949,technical,1,0,1,0
q00950,billing,1,1,1,1
q00951,technical,1,1,,
q00952,billing,1,1,1,1
q00953,technical,1,1,1,0
q00954,billing,1,1,,
q00955,technical,1,1,,
q00956,account,1,1,,
q00957,technical,0,1,,
q00958,account,0,0,,
q00959,billing,1,1,0,1
q00960,billing,0,1,,
q00961,account,1,1,,
q00962,billing,0,0,,
q00963,technical,1,1,1,0
q00964,billing,1,1,,
q00965,technical,0,0,0,0
q00966,billing,0,1,,
q00967,billing,0,1,,
q00968,billing,0,1,0,0
q00969,billing,1,1,,
q00970,account,1,1,1,1
q00971,account,1,0,,
q00972,technical,1,1,1,1
q00973,technical,0,1,,
q00974,account,0,1,,
q00975,billing,0,1,,
q00976,technical,1,1,1,1
q00977,billing,1,1,1,1
q00978,technical,1,1,1,0
q00979,billing,1,1,,
q00980,account,1,0,1,1
q00981,account,1,0,,
q00982,technical,1,1,,
q00983,billing,0,1,,
q00984,billing,1,1,,
q00985,account,1,1,,
q00986,account,0,0,,
q00987,technical,1,1,0,1
q00988,account,0,1,,
q00989,account,1,1,,
q00990,account,0,1,0,1
q00991,billing,0,1,,
q00992,account,1,0,,
q00993,account,1,0,1,0
q00994,billing,1,1,,
q00995,billing,0,1,,
q00996,billing,0,1,0,1
q00997,account,0,1,,
q00998,account,1,1,0,1
q00999,technical,1,1,1,0
q01000,billing,0,1,,
q01001,account,1,0,1,0
q01002,billing,0,1,,
q01003,billing,0,1,,
q01004,technical,1,1,,
q01005,account,0,1,,
q01006,technical,1,1,,
q01007,account,1,1,,
q01008,billing,1,1,,
q01009,technical,1,1,0,0
q01010,billing,1,1,,
q01011,account,1,1,,
q01012,account,0,0,,
q01013,account,0,1,,
q01014,billing,1,0,,
q01015,billing,0,1,0,1
q01016,account,1,0,,
q01017,billing,1,1,1,1
q01018,technical,0,1,0,0
q01019,billing,1,1,1,1
q01020,billing,1,1,1,1
q01021,billing,1,1,1,1
q01022,billing,1,0,,
q01023,account,1,1,,
q01024,technical,1,1,,
q01025,billing,1,1,,
q01026,billing,0,1,,
q01027,billing,1,0,,
q01028,technical,1,1,,
q01029,billing,1,0,,
q01030,billing,1,0,,
q01031,account,1,1,1,1
q01032,account,1,1,1,1
q01033,billing,1,1,,
q01034,technical,1,0,1,0
q01035,account,1,1,,
q01036,account,0,1,0,1
q01037,technical,1,1,1,1
q01038,billing,1,1,,
q01039,billing,1,1,1,1
q01040,billing,1,0,1,0
q01041,account,0,1,,
q01042,billing,0,0,,
q01043,billing,0,1,0,1
q01044,account,0,1,,
q01045,billing,1,1,1,1
q01046,billing,1,1,1,1
q01047,billing,0,1,,
q01048,billing,1,1,,
q01049,billing,0,1,,
q01050,account,0,1,,
q01051,billing,1,0,,
q01052,technical,1,1,,
q01053,account,1,1,,
q01054,account,0,1,,
q01055,technical,1,0,,
q01056,account,1,1,,
q01057,account,1,1,,
q01058,billing,0,1,,
q01059,account,1,0,,
q01060,billing,1,1,,
q01061,technical,1,0,1,0
q01062,account,1,1,,
q01063,technical,0,1,,
q01064,billing,1,1,,
q01065,billing,1,1,1,1
q01066,billing,0,0,,
q01067,technical,1,1,,
q01068,technical,1,0,,
q01069,technical,1,1,1,1
q01070,technical,1,0,,
q01071,billing,1,1,,
q01072,technical,1,1,1,1
q01073,account,1,1,,
q01074,billing,1,0,1,1
q01075,account,0,1,,
q01076,billing,0,0,0,0
q01077,technical,1,1,,
q01078,billing,1,1,,
q01079,account,1,1,,
q01080,billing,0,1,0,1
q01081,billing,0,1,0,1
q01082,technical,1,1,,
q01083,technical,1,1,1,1
q01084,account,0,1,,
q01085,billing,1,1,1,1
q01086,billing,1,0,1,0
q01087,billing,1,1,1,1
q01088,billing,0,0,0,0
q01089,account,1,1,,
q01090,billing,1,0,1,0
q01091,technical,1,0,,
q01092,technical,0,1,,
q01093,billing,0,1,,
q01094,technical,1,0,1,0
q01095,account,0,0,0,0
q01096,billing,1,1,,
q01097,billing,0,1,0,1
q01098,account,1,1,1,1
q01099,technical,1,0,,
q01100,billing,1,1,0,1
q01101,technical,1,0,,
q01102,billing,1,1,,
q01103,technical,1,1,0,1
q01104,account,0,1,,
q01105,account,1,0,,
q01106,billing,1,1,,
q01107,billing,0,1,,
q01108,account,1,0,1,1
q01109,account,1,1,1,0
q01110,billing,1,1,1,1
q01111,account,1,1,,
q01112,billing,1,1,,
q01113,billing,1,1,,
q01114,billing,1,1,,
q01115,account,0,0,0,1
q01116,account,0,1,0,1
q01117,billing,1,0,,
q01118,technical,1,1,,
q01119,technical,0,0,,
q01120,billing,1,1,,
q01121,billing,1,1,,
q01122,billing,1,1,,
q01123,billing,1,0,0,0
q01124,billing,0,1,,
q01125,billing,0,1,,
q01126,technical,1,1,,
q01127,account,0,1,,
q01128,billing,1,1,1,1
q01129,technical,0,1,0,1
q01130,technical,1,1,1,0
q01131,technical,1,1,1,1
q01132,account,0,1,0,1
q01133,account,0,1,,
q01134,billing,1,1,,
q01135,billing,1,1,,
q01136,technical,1,1,1,0
q01137,billing,1,1,,
q01138,billing,0,1,0,0
q01139,account,0,0,,
q01140,account,1,0,,
q01141,billing,0,1,,
q01142,account,0,1,,
q01143,billing,1,0,,
q01144,billing,1,0,0,0
q01145,billing,0,0,,
q01146,account,1,1,,
q01147,billing,0,1,0,1
q01148,account,0,1,0,0
q01149,account,1,1,,
q01150,billing,0,0,,
q01151,billing,1,1,,
q01152,billing,1,1,1,1
q01153,account,1,0,,
q01154,billing,0,1,0,1
q01155,billing,0,1,,
q01156,billing,0,1,0,1
q01157,account,1,1,1,0
q01158,billing,1,1,0,1
q01159,billing,1,1,1,1
q01160,account,1,1,,
q01161,account,1,1,,
q01162,billing,1,0,1,0
q01163,technical,0,1,,
q01164,billing,1,1,,
q01165,technical,1,1,,
q01166,account,1,0,1,1
q01167,account,0,0,,
q01168,billing,0,0,,
q01169,billing,1,1,0,1
q01170,billing,1,0,1,0
q01171,billing,0,1,,
q01172,technical,1,1,,
q01173,technical,1,1,,
q01174,account,0,1,,
q01175,billing,0,1,,
q01176,billing,0,0,,
q01177,billing,1,1,,
q01178,account,1,1,,
q01179,account,1,1,1,1
q01180,billing,0,1,,
q01181,technical,0,1,,
q01182,account,0,1,,
q01183,billing,0,0,0,0
q01184,billing,1,1,1,1
q01185,billing,0,1,0,1
q01186,technical,0,1,,
q01187,account,1,1,1,0
q01188,billing,1,0,,
q01189,billing,1,1,,
q01190,account,1,1,1,1
q01191,account,1,1,,
q01192,account,1,0,1,0
q01193,billing,1,1,1,1
q01194,account,0,1,,
q01195,account,1,0,,
q01196,billing,1,1,,
q01197,billing,0,1,,
q01198,account,0,0,,
q01199,technical,1,1,1,0
q01200,technical,0,0,0,0
q01201,technical,1,1,1,1
q01202,billing,0,1,,
q01203,technical,1,1,,
q01204,billing,0,1,0,1
q01205,billing,1,1,1,0
q01206,technical,0,1,,
q01207,account,0,1,0,1
q01208,billing,1,1,,
q01209,billing,1,1,,
q01210,billing,1,0,1,1
q01211,technical,1,0,1,0
q01212,billing,1,1,,
q01213,account,1,1,,
q01214,billing,0,1,0,1
q01215,billing,0,1,0,1
q01216,billing,1,1,,
q01217,account,0,1,,
q01218,billing,1,1,,
q01219,account,0,1,,
q01220,billing,1,1,1,1
q01221,billing,1,1,1,1
q01222,technical,1,1,1,1
q01223,account,1,1,,
q01224,account,1,1,,
q01225,technical,0,0,0,0
q01226,account,0,1,,
q01227,billing,1,1,1,1
q01228,account,1,1,,
q01229,account,1,0,,
q01230,technical,1,1,,
q01231,billing,0,1,1,1
q01232,account,1,1,1,1
q01233,billing,0,1,,
q01234,account,1,1,1,1
q01235,billing,0,1,,
q01236,account,1,0,,
q01237,account,1,1,,
q01238,billing,1,1,,
q01239,account,1,1,1,1
q01240,billing,1,1,,
q01241,billing,1,1,,
q01242,account,1,1,,
q01243,technical,1,1,1,0
q01244,billing,1,1,1,1
q01245,billing,0,1,,
q01246,billing,0,1,,
q01247,technical,1,1,,
q01248,technical,0,1,,
q01249,technical,1,1,,
q01250,account,0,1,1,1
q01251,technical,1,1,,
q01252,billing,0,1,,
q01253,billing,1,1,,
q01254,account,0,0,,
q01255,account,0,0,,
q01256,billing,1,0,,
q01257,technical,0,1,,
q01258,account,1,1,1,1
q01259,account,1,1,1,1
q01260,billing,0,1,0,1
q01261,account,1,1,1,1
q01262,billing,0,1,,
q01263,billing,0,1,,
q01264,billing,0,1,0,1
q01265,technical,1,1,,
q01266,technical,0,1,,
q01267,account,0,1,1,1
q01268,account,1,1,,
q01269,account,1,1,1,1
q01270,billing,1,1,,
q01271,technical,0,1,,
q01272,billing,0,0,,
q01273,technical,0,1,,
q01274,account,0,1,0,1
q01275,billing,1,0,,
q01276,billing,0,1,0,1
q01277,account,1,1,,
q01278,technical,1,1,,
q01279,account,0,0,,
q01280,account,1,0,,
q01281,account,0,1,,
q01282,billing,1,1,,
q01283,billing,1,0,1,0
q01284,billing,0,1,,
q01285,billing,0,1,,
q01286,account,1,0,,
q01287,technical,1,1,,
q01288,billing,1,1,1,1
q01289,billing,0,1,0,1
q01290,technical,0,1,1,1
q01291,billing,0,1,0,1
q01292,billing,1,1,0,1
q01293,technical,0,1,,
q01294,billing,1,1,,
q01295,account,1,1,1,1
q01296,billing,1,0,0,0
q01297,billing,1,1,,
q01298,technical,1,1,,
q01299,billing,0,1,,
q01300,billing,0,1,0,1
q01301,account,1,1,,
q01302,billing,1,1,,
q01303,technical,1,1,,
q01304,account,1,0,,
q01305,technical,1,1,0,0
q01306,account,1,1,,
q01307,billing,1,1,1,1
q01308,technical,0,1,0,1
q01309,account,1,0,,
q01310,account,1,1,,
q01311,billing,1,1,,
q01312,technical,1,0,,
q01313,billing,1,0,1,1
q01314,account,1,0,1,0
q01315,account,0,1,,
q01316,account,1,1,,
q01317,account,1,1,,
q01318,technical,1,1,,
q01319,technical,1,1,,
q01320,account,1,0,,
q01321,billing,1,0,,
q01322,technical,0,1,,
q01323,billing,0,1,0,0
q01324,technical,1,1,,
q01325,technical,0,1,0,0
q01326,billing,1,1,,
q01327,technical,1,0,,
q01328,billing,0,1,,
q01329,billing,1,1,1,0
q01330,billing,0,1,,
q01331,billing,0,0,0,0
q01332,billing,1,1,,
q01333,account,0,1,0,1
q01334,account,1,1,,
q01335,technical,1,0,0,0
q01336,technical,0,1,,
q01337,billing,1,0,1,0
q01338,billing,0,1,,
q01339,billing,1,1,,
q01340,billing,0,1,0,0
q01341,account,1,1,,
q01342,account,1,0,0,0
q01343,account,0,0,,
q01344,technical,1,1,,
q01345,account,0,1,,
q01346,account,1,1,1,1
q01347,technical,1,1,,
q01348,billing,0,1,,
q01349,technical,1,1,,
q01350,account,1,1,1,1
q01351,billing,0,1,0,1
q01352,billing,0,0,,
q01353,billing,0,1,,
q01354,billing,1,0,1,0
q01355,account,1,1,,
q01356,billing,0,1,0,1
q01357,billing,1,0,1,0
q01358,billing,1,1,,
q01359,billing,1,1,1,1
q01360,billing,0,1,1,1
q01361,billing,1,1,,
q01362,account,0,1,0,1
q01363,account,1,1,1,1
q01364,account,0,1,,
q01365,account,1,1,1,1
q01366,technical,1,1,0,0
q01367,billing,0,1,,
q01368,billing,1,1,1,0
q01369,account,1,0,,
q01370,technical,0,1,0,1
q01371,technical,1,0,,
q01372,account,0,1,,
q01373,technical,0,1,,
q01374,account,1,1,1,1
q01375,billing,1,0,,
q01376,technical,0,1,0,1
q01377,account,1,0,,
q01378,billing,1,0,1,1
q01379,technical,1,1,,
q01380,account,1,1,,
q01381,technical,1,1,1,0
q01382,account,0,0,0,0
q01383,technical,1,1,,
q01384,account,1,1,,
q01385,account,1,1,1,1
q01386,billing,1,1,,
q01387,billing,0,1,,
q01388,billing,0,1,,
q01389,billing,1,1,,
q01390,technical,1,1,1,1
q01391,billing,1,1,,
q01392,account,0,1,,
q01393,billing,0,1,,
q01394,technical,0,1,0,0
q01395,billing,0,1,,
q01396,technical,0,1,0,0
q01397,technical,1,1,1,1
q01398,technical,0,1,,
q01399,technical,0,1,,
q01400,account,1,1,,
q01401,account,0,1,,
q01402,billing,0,0,,
q01403,billing,1,1,1,1
q01404,account,1,1,,
q01405,account,1,0,0,1
q01406,account,0,1,,
q01407,account,1,1,,
q01408,technical,0,1,1,0
q01409,technical,0,0,0,0
q01410,billing,0,1,0,1
q01411,billing,1,1,1,1
q01412,billing,1,0,1,0
q01413,billing,1,1,,
q01414,technical,1,1,,
q01415,account,1,1,,
q01416,billing,0,1,,
q01417,billing,1,1,,
q01418,account,0,1,,
q01419,account,0,1,,
q01420,billing,1,0,,
q01421,account,1,1,,
q01422,technical,1,1,0,1
q01423,account,1,1,,
q01424,account,1,0,,
q01425,account,1,0,1,1
q01426,account,0,1,,
q01427,billing,1,1,,
q01428,account,1,1,1,1
q01429,account,1,1,,
q01430,billing,0,1,,
q01431,billing,1,1,1,1
q01432,account,0,1,0,1
q01433,billing,1,1,0,1
q01434,billing,0,1,,
q01435,billing,0,1,,
q01436,account,1,1,1,1
q01437,billing,0,1,0,1
q01438,account,1,1,,
q01439,technical,0,1,0,1
q01440,billing,1,1,,
q01441,billing,1,1,1,1
q01442,account,1,1,,
q01443,technical,0,1,1,1
q01444,account,1,1,1,1
q01445,account,1,1,1,1
q01446,billing,1,0,,
q01447,billing,0,0,,
q01448,account,1,1,,
q01449,account,1,1,1,1
q01450,technical,1,1,1,0
q01451,account,1,1,,
q01452,billing,1,0,,
q01453,technical,1,1,1,0
q01454,account,0,1,0,1
q01455,technical,1,1,1,1
q01456,billing,0,0,,
q01457,account,0,1,,
q01458,billing,1,0,,
q01459,account,1,0,1,0
q01460,account,1,1,1,1
q01461,account,1,1,1,1
q01462,account,1,1,,
q01463,account,1,1,,
q01464,billing,0,1,,
q01465,billing,1,1,1,1
q01466,account,1,1,,
q01467,account,1,1,1,0
q01468,billing,0,1,0,0
q01469,billing,1,1,,
q01470,account,0,1,0,1
q01471,account,1,1,0,1
q01472,account,0,0,,
q01473,billing,0,1,,
q01474,billing,0,1,0,1
q01475,technical,0,0,,
q01476,technical,0,1,,
q01477,billing,1,1,,
q01478,billing,1,1,,
q01479,technical,1,1,0,0
q01480,billing,1,1,,
q01481,billing,1,1,,
q01482,technical,0,1,,
q01483,technical,0,1,0,1
q01484,billing,1,1,,
q01485,account,1,0,,
q01486,billing,1,1,1,0
q01487,account,1,1,,
q01488,technical,1,1,1,1
q01489,billing,1,1,,
q01490,account,1,1,,
q01491,account,0,1,,
q01492,account,0,0,,
q01493,billing,1,1,0,1
q01494,billing,1,1,1,1
q01495,technical,1,1,,
q01496,billing,1,0,0,1
q01497,account,1,1,,
q01498,billing,0,1,0,1
q01499,technical,1,1,1,0
q01500,billing,1,1,0,1
q01501,billing,1,1,1,1
q01502,account,0,0,0,0
q01503,billing,1,0,,
q01504,billing,1,1,,
q01505,technical,1,0,,
q01506,account,1,1,1,1
q01507,technical,1,1,,
q01508,billing,1,1,,
q01509,technical,1,0,1,1
q01510,billing,1,1,,
q01511,account,1,1,,
q01512,account,1,0,,
q01513,technical,0,1,,
q01514,account,0,1,0,1
q01515,account,1,0,,
q01516,billing,1,1,,
q01517,billing,1,1,,
q01518,billing,1,1,1,1
q01519,billing,1,1,,
q01520,technical,0,1,0,0
q01521,billing,0,0,,
q01522,account,1,0,,
q01523,account,1,0,,
q01524,account,1,1,1,1
q01525,technical,1,1,,
q01526,technical,1,1,,
q01527,technical,1,1,,
q01528,technical,1,1,1,1
q01529,technical,1,1,1,1
q01530,billing,0,1,,
q01531,billing,0,1,,
q01532,billing,1,1,1,1
q01533,billing,0,1,,
q01534,account,1,1,1,1
q01535,billing,1,1,1,1
q01536,account,0,0,,
q01537,billing,0,1,,
q01538,technical,1,1,1,0
q01539,billing,0,0,,
q01540,account,1,1,1,0
q01541,account,1,1,1,1
q01542,technical,1,1,,
q01543,account,1,1,1,1
q01544,billing,1,0,,
q01545,account,0,1,0,1
q01546,technical,0,0,,
q01547,technical,1,1,,
q01548,billing,1,1,,
q01549,billing,1,1,1,1
q01550,billing,1,0,0,0
q01551,billing,1,1,,
q01552,technical,1,1,1,0
q01553,technical,0,1,,
q01554,account,1,0,,
q01555,billing,1,1,1,1
q01556,account,0,1,,
q01557,billing,0,0,,
q01558,account,1,1,,
q01559,billing,0,1,,
q01560,account,1,1,,
q01561,account,1,1,,
q01562,billing,0,0,,
q01563,technical,0,1,0,1
q01564,technical,1,1,,
q01565,account,0,0,,
q01566,technical,1,1,,
q01567,billing,0,1,,
q01568,billing,0,0,,
q01569,billing,0,1,,
q01570,account,0,1,0,1
q01571,account,0,1,0,1
q01572,billing,1,0,0,0
q01573,account,1,1,,
q01574,technical,1,1,1,0
q01575,billing,1,0,,
q01576,technical,1,0,1,0
q01577,billing,1,0,,
q01578,account,0,0,,
q01579,billing,0,1,,
q01580,billing,0,0,,
q01581,account,0,1,0,1
q01582,billing,1,1,1,1
q01583,billing,0,1,1,1
q01584,billing,1,1,,
q01585,billing,1,0,,
q01586,technical,1,0,1,0
q01587,account,1,1,1,0
q01588,account,1,1,,
q01589,billing,1,1,,
q01590,technical,1,1,,
q01591,account,1,0,1,0
q01592,technical,1,0,,
q01593,billing,1,1,,
q01594,billing,1,1,,
q01595,billing,0,1,,
q01596,technical,1,1,,
q01597,technical,0,1,,
q01598,technical,1,1,,
q01599,billing,1,1,,
q01600,account,1,1,1,1
q01601,account,1,1,1,1
q01602,account,0,0,0,0
q01603,billing,0,1,,
q01604,technical,1,1,1,1
q01605,account,1,0,,
q01606,account,0,1,0,1
q01607,account,1,0,1,1
q01608,billing,1,0,1,0
q01609,billing,0,1,,
q01610,technical,0,1,0,1
q01611,technical,1,0,,
q01612,technical,0,1,,
q01613,account,0,1,,
q01614,account,0,1,0,0
q01615,billing,1,0,,
q01616,account,1,1,,
q01617,account,1,1,,
q01618,billing,1,0,0,0
q01619,billing,0,0,,
q01620,account,1,1,,
q01621,account,1,1,,
q01622,billing,1,1,0,1
q01623,billing,0,1,,
q01624,technical,1,1,,
q01625,technical,0,1,,
q01626,technical,1,0,1,0
q01627,account,1,0,,
q01628,billing,1,0,1,0
q01629,technical,0,1,,
q01630,billing,0,1,,
q01631,billing,0,1,0,1
q01632,account,1,1,1,1
q01633,technical,1,1,1,0
q01634,billing,1,0,,
q01635,technical,1,1,,
q01636,technical,1,1,,
q01637,technical,0,0,,
q01638,billing,1,1,0,1
q01639,technical,0,1,,
q01640,technical,1,1,,
q01641,technical,1,1,1,1
q01642,billing,1,0,,
q01643,billing,1,1,1,1
q01644,account,1,1,,
q01645,account,1,1,,
q01646,billing,1,1,,
q01647,account,0,1,0,1
q01648,account,1,1,,
q01649,technical,1,1,,
q01650,technical,1,1,1,1
q01651,billing,1,1,,
q01652,account,1,0,1,0
q01653,technical,1,1,1,1
q01654,account,1,1,,
q01655,technical,1,1,,
q01656,technical,0,1,0,1
q01657,account,1,1,,
q01658,billing,0,1,,
q01659,billing,0,0,,
q01660,account,1,1,1,1
q01661,billing,0,0,,
q01662,account,0,1,,
q01663,technical,1,1,1,1
q01664,account,1,1,,
q01665,billing,1,0,,
q01666,account,1,1,,
q01667,account,1,1,,
q01668,account,1,1,1,1
q01669,account,0,0,,
q01670,account,1,1,,
q01671,account,0,1,,
q01672,account,1,1,,
q01673,billing,1,1,0,1
q01674,technical,0,1,,
q01675,technical,1,1,1,0
q01676,billing,0,1,0,1
q01677,technical,1,1,,
q01678,account,1,0,1,1
q01679,technical,0,1,,
q01680,technical,0,1,,
q01681,account,1,0,1,0
q01682,account,1,0,1,0
q01683,billing,1,0,,
q01684,billing,0,1,,
q01685,technical,1,1,,
q01686,technical,1,1,,
q01687,account,1,0,,
q01688,billing,1,0,,
q01689,account,1,1,,
q01690,technical,0,1,,
q01691,technical,1,1,1,0
q01692,billing,0,1,,
q01693,technical,1,1,1,0
q01694,account,1,0,,
q01695,account,0,1,,
q01696,billing,1,1,,
q01697,technical,1,0,,
q01698,billing,1,1,,
q01699,technical,1,1,1,0
q01700,account,0,1,0,1
q01701,billing,0,1,,
q01702,technical,0,1,0,0
q01703,technical,1,0,1,0
q01704,technical,1,1,,
q01705,account,0,1,,
q01706,billing,0,1,,
q01707,account,0,0,0,0
q01708,technical,1,1,1,1
q01709,account,1,1,,
q01710,billing,1,1,1,1
q01711,billing,1,1,,
q01712,billing,0,1,,
q01713,billing,1,1,,
q01714,technical,1,1,1,0
q01715,account,1,1,,
q01716,billing,1,1,,
q01717,technical,1,0,0,0
q01718,billing,1,0,,
q01719,technical,1,1,1,0
q01720,technical,1,1,,
q01721,billing,1,1,,
q01722,billing,1,1,,
q01723,billing,1,1,,
q01724,account,0,1,0,1
q01725,technical,0,1,1,1
q01726,billing,0,1,1,1
q01727,billing,0,0,0,0
q01728,account,1,1,,
q01729,billing,1,1,0,1
q01730,account,1,1,1,1
q01731,billing,1,0,,
q01732,billing,1,1,,
q01733,billing,0,0,,
q01734,billing,0,1,,
q01735,account,1,1,0,1
q01736,billing,0,0,,
q01737,account,1,1,0,1
q01738,account,1,1,,
q01739,technical,1,1,,
q01740,billing,1,0,1,0
q01741,billing,1,1,,
q01742,account,1,1,1,1
q01743,technical,1,1,,
q01744,account,0,1,0,1
q01745,account,1,1,,
q01746,technical,0,1,,
q01747,account,1,0,,
q01748,billing,1,1,1,1
q01749,billing,1,1,,
q01750,technical,0,1,,
q01751,billing,0,1,,
q01752,billing,1,0,1,1
q01753,billing,1,1,1,1
q01754,account,0,1,,
q01755,account,1,1,1,1
q01756,billing,1,1,,
q01757,account,1,1,,
q01758,account,0,0,,
q01759,account,0,1,1,1
q01760,technical,1,0,,
q01761,billing,1,1,,
q01762,technical,1,1,,
q01763,billing,1,1,,
q01764,account,0,1,0,1
q01765,account,0,1,,
q01766,account,0,1,0,0
q01767,account,0,0,,
q01768,billing,0,0,0,0
q01769,billing,0,0,0,0
q01770,billing,1,0,,
q01771,account,1,1,,
q01772,billing,0,1,,
q01773,account,1,0,,
q01774,billing,1,1,,
q01775,billing,1,1,,
q01776,account,1,0,1,1
q01777,billing,1,0,0,1
q01778,technical,0,1,0,1
q01779,billing,0,1,0,1
q01780,technical,1,1,1,1
q01781,technical,0,1,,
q01782,billing,1,0,1,1
q01783,billing,1,1,,
q01784,billing,1,1,1,1
q01785,technical,0,1,,
q01786,billing,0,0,,
q01787,technical,0,0,,
q01788,technical,1,1,0,0
q01789,account,1,0,,
q01790,account,0,1,,
q01791,billing,1,1,,
q01792,billing,1,0,,
q01793,technical,1,1,,
q01794,billing,1,0,1,0
q01795,account,1,1,1,1
q01796,billing,1,1,1,1
q01797,account,1,1,1,0
q01798,billing,1,1,,
q01799,billing,1,1,1,1
q01800,account,1,1,,
q01801,billing,1,1,,
q01802,account,0,0,,
q01803,technical,1,1,,
q01804,technical,1,1,,
q01805,account,1,1,1,1
q01806,billing,0,1,,
q01807,technical,1,1,,
q01808,technical,0,0,,
q01809,billing,0,1,,
q01810,account,1,0,0,1
q01811,billing,1,1,,
q01812,account,0,1,,
q01813,billing,1,1,,
q01814,account,1,0,,
q01815,billing,0,1,,
q01816,account,1,1,,
q01817,account,1,1,,
q01818,account,0,0,,
q01819,account,0,1,,
q01820,billing,1,1,1,1
q01821,technical,1,1,,
q01822,account,1,1,0,1
q01823,account,0,1,1,1
q01824,account,1,1,,
q01825,technical,1,1,,
q01826,account,1,1,1,1
q01827,account,1,1,1,1
q01828,technical,1,0,,
q01829,technical,0,1,,
q01830,technical,1,1,,
q01831,technical,1,1,,
q01832,billing,1,0,,
q01833,account,1,1,1,1
q01834,billing,0,1,,
q01835,billing,1,1,1,1
q01836,account,1,1,0,1
q01837,account,1,0,,
q01838,technical,1,1,,
q01839,account,0,1,,
q01840,billing,1,1,1,1
q01841,account,0,0,,
q01842,technical,1,1,1,0
q01843,account,1,1,,
q01844,account,0,1,1,1
q01845,billing,0,1,,
q01846,account,1,1,,
q01847,technical,1,1,0,1
q01848,billing,1,1,,
q01849,billing,1,0,,
q01850,billing,1,1,,
q01851,technical,1,0,1,0
q01852,account,1,1,,
q01853,billing,1,1,,
q01854,billing,1,1,,
q01855,billing,1,1,,
q01856,technical,1,1,1,0
q01857,account,0,1,,
q01858,billing,1,1,,
q01859,billing,0,0,,
q01860,technical,0,1,1,0
q01861,account,0,1,0,1
q01862,billing,1,1,,
q01863,billing,1,1,,
q01864,billing,1,0,,
q01865,billing,1,1,,
q01866,account,0,0,,
q01867,billing,1,1,,
q01868,technical,0,1,,
q01869,account,1,1,1,1
q01870,billing,1,1,,
q01871,account,1,1,1,1
q01872,billing,1,1,1,1
q01873,billing,1,1,1,1
q01874,billing,1,1,,
q01875,billing,1,1,1,1
q01876,technical,0,1,,
q01877,account,1,1,,
q01878,billing,1,0,,
q01879,account,1,1,,
q01880,account,0,1,,
q01881,account,0,1,,
q01882,account,1,1,,
q01883,technical,0,1,,
q01884,account,1,1,1,1
q01885,account,1,1,,
q01886,billing,0,1,,
q01887,billing,1,0,,
q01888,account,0,0,,
q01889,technical,1,0,1,0
q01890,account,0,1,0,1
q01891,account,1,1,0,1
q01892,billing,1,1,,
q01893,billing,1,1,,
q01894,billing,1,0,,
q01895,billing,1,1,0,0
q01896,billing,0,1,0,1
q01897,account,1,0,1,0
q01898,billing,1,1,1,1
q01899,account,1,1,,
q01900,billing,0,1,,
q01901,billing,0,1,1,1
q01902,account,1,1,1,1
q01903,billing,1,1,0,1
q01904,account,1,1,,
q01905,technical,1,1,1,1
q01906,technical,0,0,,
q01907,account,1,0,,
q01908,technical,1,1,1,1
q01909,billing,0,1,0,1
q01910,technical,1,1,1,1
q01911,account,1,1,,
q01912,technical,1,1,,
q01913,account,1,1,,
q01914,billing,1,0,,
q01915,account,1,1,,
q01916,account,1,1,,
q01917,account,1,0,1,0
q01918,technical,1,1,,
q01919,account,0,1,,
q01920,account,1,1,,
q01921,billing,0,1,0,0
q01922,billing,0,1,,
q01923,billing,1,1,,
q01924,account,1,1,,
q01925,account,0,1,,
q01926,technical,1,1,,
q01927,technical,0,1,,
q01928,technical,1,1,1,1
q01929,account,1,0,,
q01930,technical,1,1,,
q01931,account,1,1,,
q01932,account,0,1,,
q01933,billing,1,0,1,0
q01934,account,1,1,,
q01935,billing,1,1,0,1
q01936,billing,0,1,,
q01937,billing,0,1,,
q01938,billing,1,1,,
q01939,technical,0,1,1,1
q01940,technical,1,1,1,0
q01941,billing,1,1,1,1
q01942,billing,1,1,,
q01943,billing,1,1,1,1
q01944,account,1,1,,
q01945,account,0,1,,
q01946,billing,1,0,,
q01947,billing,0,1,0,1
q01948,account,1,1,,
q01949,billing,0,1,,
q01950,billing,1,0,1,0
q01951,technical,1,1,,
q01952,billing,1,1,1,1
q01953,billing,1,1,,
q01954,account,0,1,0,1
q01955,billing,1,1,,
q01956,billing,1,0,1,1
q01957,billing,1,1,,
q01958,billing,1,1,,
q01959,account,1,1,1,1
q01960,technical,1,1,,
q01961,technical,1,0,,
q01962,account,1,1,0,1
q01963,billing,0,1,,
q01964,account,0,1,1,1
q01965,account,0,1,,
q01966,technical,1,1,,
q01967,account,0,1,,
q01968,billing,1,1,,
q01969,billing,1,0,,
q01970,billing,1,1,1,1
q01971,billing,0,1,1,1
q01972,technical,0,1,0,0
q01973,technical,1,0,,
q01974,billing,1,1,,
q01975,billing,1,1,1,1
q01976,account,0,1,0,1
q01977,billing,1,1,,
q01978,billing,1,0,,
q01979,technical,1,1,1,1
q01980,account,0,1,,
q01981,account,0,1,,
q01982,billing,0,1,,
q01983,billing,0,0,0,0
q01984,account,1,1,,
q01985,account,1,1,0,0
q01986,account,0,1,0,1
q01987,billing,0,1,,
q01988,technical,0,1,,
q01989,billing,0,0,,
q01990,billing,1,1,,
q01991,billing,1,0,,
q01992,account,0,1,,
q01993,technical,1,1,1,1
q01994,billing,1,1,1,1
q01995,technical,0,1,,
q01996,billing,0,1,,
q01997,technical,1,1,,
q01998,billing,1,0,,
q01999,technical,0,0,0,0
q02000,billing,1,0,,
q02001,technical,1,1,,
q02002,billing,1,1,,
q02003,account,1,0,0,1
q02004,account,1,1,,
q02005,technical,1,1,1,1
q02006,billing,1,1,,
q02007,billing,1,1,,
q02008,technical,1,0,,
q02009,technical,0,1,,
q02010,technical,1,1,,
q02011,billing,0,1,0,1
q02012,technical,0,1,,
q02013,billing,1,1,1,1
q02014,billing,1,1,,
q02015,account,1,0,1,1
q02016,billing,1,1,1,1
q02017,account,1,0,,
q02018,technical,1,1,1,1
q02019,billing,1,1,,
q02020,technical,1,1,1,1
q02021,billing,0,1,,
q02022,technical,1,1,,
q02023,technical,1,1,,
q02024,billing,1,0,,
q02025,account,0,1,0,1
q02026,billing,1,1,,
q02027,account,1,1,,
q02028,billing,1,1,,
q02029,billing,1,1,,
q02030,billing,1,0,,
q02031,account,0,1,,
q02032,technical,0,1,,
q02033,account,1,1,,
q02034,billing,0,1,0,1
q02035,account,1,0,,
q02036,technical,0,0,,
q02037,billing,1,1,1,0
q02038,account,0,1,,
q02039,billing,1,1,,
q02040,billing,0,1,0,1
q02041,account,1,1,,
q02042,account,1,1,,
q02043,technical,1,1,1,1
q02044,technical,0,1,,
q02045,account,0,1,,
q02046,account,1,1,1,1
q02047,account,1,1,,
q02048,billing,1,1,,
q02049,billing,1,1,1,1
q02050,account,0,1,,
q02051,account,0,0,0,1
q02052,billing,1,1,,
q02053,account,1,1,,
q02054,billing,1,1,1,1
q02055,account,1,1,,
q02056,account,0,1,0,0
q02057,technical,0,1,,
q02058,account,0,0,0,0
q02059,technical,1,1,,
q02060,account,1,1,,
q02061,technical,1,1,,
q02062,billing,0,1,0,1
q02063,technical,1,0,,
q02064,account,1,1,,
q02065,account,1,0,1,1
q02066,technical,0,1,0,1
q02067,account,1,1,0,1
q02068,billing,1,0,,
q02069,account,1,0,,
q02070,account,1,1,,
q02071,account,1,1,1,0
q02072,account,1,1,,
q02073,billing,1,1,1,1
q02074,technical,1,1,,
q02075,billing,0,0,0,0
q02076,account,0,1,,
q02077,billing,1,1,1,1
q02078,account,1,1,,
q02079,billing,0,1,0,1
q02080,account,0,0,,
q02081,technical,0,1,0,0
q02082,billing,0,1,,
q02083,billing,1,1,,
q02084,account,1,0,1,0
q02085,account,0,0,0,0
q02086,billing,1,1,,
q02087,account,1,1,,
q02088,billing,1,1,,
q02089,billing,1,1,0,1
q02090,billing,0,1,,
q02091,technical,1,1,,
q02092,account,1,1,,
q02093,technical,0,1,,
q02094,billing,1,1,1,1
q02095,billing,0,1,0,1
q02096,billing,1,1,1,1
q02097,account,1,0,,
q02098,billing,1,1,,
q02099,technical,1,1,,
q02100,billing,1,1,0,1
q02101,account,1,1,1,1
q02102,technical,1,1,1,0
q02103,billing,1,1,1,1
q02104,billing,1,1,0,1
q02105,billing,0,1,,
q02106,technical,1,1,1,0
q02107,account,1,1,,
q02108,account,1,1,1,1
q02109,technical,1,1,1,1
q02110,billing,1,1,,
q02111,billing,1,1,1,1
q02112,account,1,1,,
q02113,billing,1,1,,
q02114,technical,0,0,,
q02115,account,0,0,0,1
q02116,technical,1,1,,
q02117,technical,1,0,,
q02118,billing,1,1,1,1
q02119,account,0,0,,
q02120,account,1,1,1,1
q02121,account,0,1,,
q02122,account,1,1,,
q02123,billing,1,1,1,0
q02124,account,1,1,,
q02125,technical,0,1,0,1
q02126,technical,0,1,,
q02127,technical,1,1,,
q02128,billing,0,1,,
q02129,account,0,0,,
q02130,account,1,0,,
q02131,billing,0,1,,
q02132,account,0,1,0,1
q02133,billing,0,1,,
q02134,account,1,1,,
q02135,billing,0,1,,
q02136,billing,1,1,,
q02137,technical,1,1,1,1
q02138,account,1,1,,
q02139,account,1,1,,
q02140,billing,1,1,,
q02141,technical,1,1,1,1
q02142,account,1,1,1,1
q02143,billing,1,1,1,1
q02144,billing,1,1,1,1
q02145,billing,0,1,0,1
q02146,account,0,1,1,1
q02147,billing,1,1,1,1
q02148,technical,1,1,,
q02149,billing,0,1,,
q02150,billing,1,1,1,1
q02151,technical,1,1,1,1
q02152,billing,1,1,,
q02153,account,1,1,,
q02154,account,0,1,0,1
q02155,billing,1,1,1,1
q02156,account,0,1,0,1
q02157,account,1,0,,
q02158,billing,1,1,,
q02159,account,0,1,1,1
q02160,account,0,1,,
q02161,account,1,1,1,1
q02162,technical,1,0,,
q02163,billing,0,1,,
q02164,account,1,0,,
q02165,technical,1,1,,
q02166,technical,1,1,,
q02167,technical,1,1,,
q02168,account,1,0,1,0
q02169,technical,0,1,,
q02170,account,0,1,,
q02171,billing,1,1,,
q02172,technical,1,1,,
q02173,billing,1,1,,
q02174,account,1,1,,
q02175,billing,1,1,,
q02176,billing,1,1,,
q02177,technical,1,1,,
q02178,billing,0,1,,
q02179,account,1,1,1,1
q02180,billing,0,0,,
q02181,account,1,1,,
q02182,technical,1,1,1,1
q02183,technical,0,1,0,0
q02184,account,0,0,,
q02185,billing,1,1,,
q02186,billing,1,1,,
q02187,billing,1,1,1,1
q02188,account,1,1,1,1
q02189,billing,0,1,,
q02190,billing,1,0,1,1
q02191,account,0,0,,
q02192,account,1,1,,
q02193,technical,1,1,,
q02194,technical,0,1,,
q02195,technical,1,1,0,0
q02196,billing,1,1,,
q02197,billing,1,1,,
q02198,technical,1,1,1,1
q02199,technical,1,1,,
q02200,account,0,1,,
q02201,technical,1,0,,
q02202,billing,0,1,,
q02203,account,1,0,,
q02204,billing,0,1,,
q02205,account,1,0,1,0
q02206,billing,1,1,1,1
q02207,account,1,1,1,1
q02208,billing,1,1,,
q02209,technical,1,1,,
q02210,billing,1,0,,
q02211,billing,1,1,,
q02212,account,1,0,0,0
q02213,technical,1,1,,
q02214,technical,1,1,,
q02215,account,0,1,,
q02216,account,1,0,,
q02217,billing,1,1,1,1
q02218,billing,0,1,,
q02219,billing,1,1,1,1
q02220,technical,0,1,,
q02221,account,1,0,,
q02222,account,1,1,1,1
q02223,account,1,0,,
q02224,billing,0,0,,
q02225,account,0,1,1,1
q02226,technical,1,1,,
q02227,billing,1,1,,
q02228,billing,1,1,1,1
q02229,account,1,1,1,1
q02230,account,1,1,,
q02231,account,1,1,,
q02232,technical,1,1,,
q02233,account,0,1,,
q02234,technical,1,0,1,0
q02235,account,0,1,,
q02236,billing,1,1,1,1
q02237,billing,1,1,0,1
q02238,billing,0,1,0,0
q02239,billing,1,1,1,1
q02240,billing,1,0,,
q02241,billing,0,0,,
q02242,account,1,1,0,0
q02243,technical,1,1,,
q02244,billing,1,1,,
q02245,account,1,1,,
q02246,billing,1,0,1,1
q02247,technical,1,1,,
q02248,billing,1,0,,
q02249,billing,1,0,,
q02250,technical,0,1,,
q02251,account,1,0,,
q02252,billing,1,1,1,1
q02253,billing,1,0,,
q02254,technical,1,1,1,0
q02255,technical,1,0,,
q02256,billing,1,1,0,1
q02257,account,0,1,,
q02258,billing,0,0,0,0
q02259,billing,0,0,,
q02260,account,1,1,,
q02261,technical,1,1,,
q02262,account,0,1,0,1
q02263,technical,1,1,1,0
q02264,billing,1,1,,
q02265,technical,1,1,1,1
q02266,account,1,0,0,0
q02267,technical,1,1,0,1
q02268,billing,0,1,,
q02269,account,1,0,,
q02270,account,1,1,,
q02271,account,0,0,,
q02272,technical,1,1,,
q02273,billing,1,1,,
q02274,billing,1,1,1,1
q02275,account,0,1,,
q02276,account,1,1,1,1
q02277,technical,0,1,,
q02278,account,1,1,,
q02279,account,1,0,,
q02280,billing,1,1,1,1
q02281,billing,1,1,,
q02282,account,1,1,,
q02283,billing,1,1,1,1
q02284,account,1,1,,
q02285,account,0,0,,
q02286,billing,0,1,,
q02287,billing,1,1,,
q02288,billing,0,1,,
q02289,technical,0,1,0,1
q02290,technical,1,1,1,1
q02291,technical,1,1,,
q02292,account,1,1,1,1
q02293,technical,1,1,1,1
q02294,account,0,1,,
q02295,technical,1,1,,
q02296,billing,1,1,,
q02297,billing,0,0,,
q02298,account,0,1,0,1
q02299,account,1,1,,
q02300,billing,1,1,,
q02301,technical,1,0,1,0
q02302,billing,0,0,,
q02303,technical,0,1,0,1
q02304,technical,1,1,,
q02305,account,1,1,,
q02306,technical,0,0,0,0
q02307,account,1,1,,
q02308,billing,1,1,,
q02309,billing,1,0,,
q02310,technical,1,1,,
q02311,account,1,0,,
q02312,billing,1,1,,
q02313,technical,1,1,,
q02314,billing,0,0,,
q02315,billing,1,0,,
q02316,billing,1,1,,
q02317,billing,0,1,1,1
q02318,account,1,0,,
q02319,billing,1,1,,
q02320,account,1,1,,
q02321,technical,1,1,,
q02322,technical,0,1,,
q02323,billing,1,1,1,1
q02324,account,1,1,,
q02325,account,1,0,,
q02326,technical,0,0,0,0
q02327,technical,0,1,,
q02328,account,0,1,,
q02329,account,1,1,,
q02330,billing,0,1,0,1
q02331,account,0,1,0,1
q02332,billing,1,1,1,1
q02333,billing,1,0,,
q02334,account,1,1,,
q02335,account,1,1,,
q02336,technical,1,0,1,0
q02337,billing,1,1,,
q02338,technical,0,1,,
q02339,account,1,0,,
q02340,technical,0,0,0,0
q02341,account,0,1,,
q02342,billing,1,1,,
q02343,billing,1,0,,
q02344,technical,1,1,,
q02345,billing,0,1,0,1
q02346,billing,0,1,,
q02347,billing,0,1,0,1
q02348,account,0,1,,
q02349,billing,1,0,0,1
q02350,account,1,1,1,1
q02351,billing,1,1,,
q02352,account,0,0,,
q02353,technical,1,1,,
q02354,billing,0,1,,
q02355,billing,0,1,0,1
q02356,technical,1,1,,
q02357,billing,1,1,,
q02358,account,1,1,,
q02359,technical,1,1,,
q02360,billing,1,1,,
q02361,technical,1,0,,
q02362,billing,1,1,,
q02363,technical,0,1,0,1
q02364,account,0,1,,
q02365,billing,0,1,,
q02366,account,1,1,,
q02367,account,0,0,0,0
q02368,billing,1,1,1,1
q02369,technical,1,1,,
q02370,billing,1,1,,
q02371,technical,1,1,,
q02372,account,1,0,,
q02373,billing,0,1,0,1
q02374,account,1,1,,
q02375,technical,0,1,0,1
q02376,billing,1,1,,
q02377,billing,0,1,1,1
q02378,billing,1,0,,
q02379,technical,1,1,1,1
q02380,account,1,1,,
q02381,technical,1,1,1,1
q02382,account,1,1,0,0
q02383,technical,1,1,1,0
q02384,technical,1,1,,
q02385,billing,0,1,0,1
q02386,account,1,1,,
q02387,billing,1,1,1,1
q02388,account,1,1,,
q02389,account,1,1,1,1
q02390,account,0,1,0,1
q02391,billing,1,1,,
q02392,billing,1,0,,
q02393,billing,1,0,,
q02394,billing,0,1,0,1
q02395,technical,0,0,0,0
q02396,account,1,0,,
q02397,billing,1,0,0,0
q02398,account,1,1,0,1
q02399,account,1,1,,
q02400,technical,0,1,0,0
q02401,billing,1,1,,
q02402,account,1,1,,
q02403,billing,1,1,1,1
q02404,technical,0,0,,
q02405,account,1,1,1,1
q02406,account,1,0,,
q02407,technical,0,1,,
q02408,billing,1,1,,
q02409,technical,1,0,,
q02410,technical,1,1,1,1
q02411,technical,1,1,,
q02412,account,1,1,,
q02413,technical,1,0,1,0
q02414,billing,1,0,1,0
q02415,billing,0,1,,
q02416,account,1,1,,
q02417,account,0,1,0,1
q02418,technical,1,1,,
q02419,billing,0,1,,
q02420,billing,1,1,,
q02421,billing,1,1,,
q02422,billing,1,1,,
q02423,account,0,0,1,0
q02424,billing,1,1,,
q02425,billing,1,0,,
q02426,technical,1,0,,
q02427,account,1,1,,
q02428,technical,0,0,,
q02429,billing,1,1,,
q02430,billing,1,1,,
q02431,technical,1,0,,
q02432,account,1,1,1,1
q02433,technical,1,1,,
q02434,billing,1,1,,
q02435,account,1,1,,
q02436,account,0,1,,
q02437,account,0,0,,
q02438,billing,1,1,,
q02439,billing,1,0,1,1
q02440,billing,1,1,,
q02441,account,0,0,,
q02442,billing,0,1,0,1
q02443,billing,1,0,,
q02444,technical,1,1,,
q02445,account,1,1,,
q02446,technical,0,1,1,1
q02447,billing,1,1,,
q02448,account,1,1,0,1
q02449,account,0,1,0,1
q02450,billing,0,1,,
q02451,account,1,1,1,1
q02452,billing,0,0,1,0
q02453,technical,1,0,,
q02454,billing,1,1,,
q02455,technical,1,1,,
q02456,billing,1,1,1,1
q02457,account,0,0,1,0
q02458,technical,1,1,1,1
q02459,billing,0,1,,
q02460,technical,1,0,,
q02461,account,0,1,,
q02462,billing,1,1,,
q02463,billing,1,0,1,0
q02464,account,1,1,0,1
q02465,account,1,1,1,1
q02466,technical,0,1,,
q02467,account,1,1,,
q02468,account,0,1,,
q02469,billing,1,1,,
q02470,billing,1,1,1,1
q02471,billing,1,1,1,0
q02472,billing,1,1,1,1
q02473,billing,1,1,0,1
q02474,billing,0,1,,
q02475,account,1,1,,
q02476,billing,1,0,1,0
q02477,billing,1,1,,
q02478,account,1,1,,
q02479,account,0,0,0,0
q02480,account,1,1,,
q02481,account,1,0,,
q02482,billing,1,1,1,1
q02483,account,1,1,,
q02484,technical,1,1,,
q02485,technical,0,1,,
q02486,technical,0,1,,
q02487,billing,1,1,1,1
q02488,billing,1,1,,
q02489,technical,1,1,,
q02490,account,1,1,,
q02491,technical,0,1,,
q02492,billing,1,0,,
q02493,billing,0,1,,
q02494,billing,0,1,,
q02495,technical,0,0,0,1
q02496,account,0,0,,
q02497,technical,0,1,,
q02498,billing,1,1,1,1
q02499,billing,1,0,,
q02500,account,0,1,0,1
q02501,billing,1,1,,
q02502,billing,1,1,,
q02503,technical,1,1,,
q02504,billing,1,1,,
q02505,account,1,1,,
q02506,account,0,0,0,0
q02507,billing,1,1,1,1
q02508,technical,1,1,,
q02509,technical,1,1,,
q02510,billing,0,1,0,1
q02511,technical,0,1,0,0
q02512,account,0,1,0,1
q02513,technical,1,0,,
q02514,account,0,0,,
q02515,account,1,1,,
q02516,technical,0,1,,
q02517,account,0,1,,
q02518,technical,1,1,1,1
q02519,billing,1,1,1,1
q02520,technical,1,1,,
q02521,billing,1,1,,
q02522,account,0,0,,
q02523,technical,0,1,0,0
q02524,technical,0,1,,
q02525,billing,1,0,,
q02526,billing,1,1,,
q02527,billing,1,1,,
q02528,technical,1,0,,
q02529,billing,0,1,,
q02530,billing,1,1,,
q02531,technical,1,0,,
q02532,account,0,0,,
q02533,account,1,1,1,1
q02534,account,1,1,1,1
q02535,billing,0,0,,
q02536,account,1,0,0,0
q02537,account,1,0,1,0
q02538,account,1,1,1,1
q02539,billing,0,1,,
q02540,account,1,1,1,0
q02541,billing,1,0,,
q02542,technical,1,1,0,0
q02543,billing,1,1,,
q02544,billing,1,1,,
q02545,account,1,1,,
q02546,billing,1,0,,
q02547,billing,0,1,0,1
q02548,account,0,1,,
q02549,billing,0,1,,
q02550,billing,0,1,0,1
q02551,billing,1,1,,
q02552,billing,0,0,0,0
q02553,account,1,1,,
q02554,account,0,0,1,0
q02555,technical,1,1,,
q02556,billing,1,1,,
q02557,technical,1,1,,
q02558,billing,1,1,,
q02559,account,1,1,1,1
q02560,billing,0,1,,
q02561,billing,1,0,1,0
q02562,billing,1,1,0,1
q02563,billing,0,1,0,1
q02564,account,1,1,1,0
q02565,technical,0,0,,
q02566,account,1,1,,
q02567,billing,0,1,,
q02568,billing,1,1,1,0
q02569,billing,0,1,,
q02570,technical,1,1,,
q02571,account,1,0,,
q02572,billing,0,1,,
q02573,technical,0,1,0,0
q02574,billing,1,0,1,0
q02575,account,0,1,1,1
q02576,technical,1,1,1,0
q02577,technical,0,1,,
q02578,technical,1,1,1,1
q02579,technical,1,1,,
q02580,account,1,1,1,1
q02581,billing,0,1,,
q02582,technical,0,0,,
q02583,billing,1,1,,
q02584,account,1,1,,
q02585,technical,1,1,,
q02586,billing,1,1,,
q02587,technical,1,1,,
q02588,billing,1,1,,
q02589,account,1,1,,
q02590,billing,1,1,,
q02591,account,1,1,1,1
q02592,account,1,1,,
q02593,account,1,1,,
q02594,technical,1,0,1,0
q02595,account,0,1,,
q02596,billing,1,1,0,0
q02597,billing,1,0,,
q02598,billing,1,1,0,1
q02599,billing,1,1,1,1
q02600,billing,0,0,0,1
q02601,billing,1,1,,
q02602,account,1,1,,
q02603,billing,0,1,,
q02604,billing,1,1,1,1
q02605,technical,1,0,,
q02606,account,1,0,,
q02607,account,0,1,,
q02608,technical,1,0,,
q02609,technical,1,1,,
q02610,billing,1,1,1,1
q02611,billing,1,1,1,1
q02612,account,0,1,,
q02613,account,1,1,1,1
q02614,billing,1,0,,
q02615,billing,0,1,,
q02616,account,1,1,1,1
q02617,billing,0,1,,
q02618,account,1,1,1,1
q02619,account,1,1,,
q02620,billing,1,0,,
q02621,account,1,0,1,1
q02622,billing,0,1,,
q02623,technical,1,0,,
q02624,billing,0,1,,
q02625,billing,1,1,1,0
q02626,technical,0,1,,
q02627,technical,1,1,1,1
q02628,technical,1,1,1,0
q02629,account,1,1,,
q02630,account,1,1,,
q02631,account,1,1,1,1
q02632,technical,0,0,0,0
q02633,billing,1,1,,
q02634,technical,1,0,0,0
q02635,technical,1,0,1,0
q02636,account,1,1,,
q02637,billing,1,1,1,1
q02638,account,1,0,,
q02639,account,1,1,,
q02640,technical,1,1,,
q02641,technical,1,1,,
q02642,account,0,1,0,1
q02643,billing,0,0,0,1
q02644,billing,0,1,,
q02645,billing,1,0,,
q02646,technical,1,1,1,1
q02647,billing,1,1,,
q02648,account,1,1,,
q02649,billing,0,1,0,1
q02650,billing,1,1,1,1
q02651,account,1,1,1,1
q02652,account,0,1,,
q02653,technical,0,1,0,1
q02654,billing,0,1,,
q02655,technical,1,1,,
q02656,technical,1,1,1,0
q02657,account,1,1,,
q02658,account,0,1,,
q02659,account,0,1,0,1
q02660,account,1,1,1,1
q02661,billing,1,1,,
q02662,technical,1,1,,
q02663,billing,1,1,1,1
q02664,billing,1,1,,
q02665,billing,1,1,,
q02666,billing,1,0,1,0
q02667,billing,1,1,1,1
q02668,account,1,1,,
q02669,technical,1,1,,
q02670,account,0,0,,
q02671,billing,0,1,,
q02672,account,0,1,,
q02673,account,0,1,,
q02674,billing,1,1,,
q02675,billing,1,1,,
q02676,technical,0,1,,
q02677,billing,1,0,,
q02678,account,1,1,,
q02679,billing,1,0,,
q02680,account,0,1,,
q02681,account,1,1,,
q02682,billing,1,1,,
q02683,technical,1,1,1,1
q02684,account,1,1,,
q02685,billing,1,1,,
q02686,account,1,1,,
q02687,technical,1,1,,
q02688,account,1,0,1,0
q02689,billing,1,1,,
q02690,technical,1,1,0,0
q02691,billing,1,1,,
q02692,account,1,1,,
q02693,technical,1,1,,
q02694,account,0,1,1,1
q02695,billing,0,0,,
q02696,technical,1,1,1,1
q02697,technical,1,1,,
q02698,account,1,1,,
q02699,billing,1,1,,
q02700,billing,0,1,,
q02701,technical,1,1,,
q02702,account,0,1,0,1
q02703,billing,0,1,,
q02704,billing,1,1,1,1
q02705,billing,0,1,,
q02706,technical,1,1,,
q02707,billing,0,1,,
q02708,account,0,1,0,1
q02709,billing,0,1,0,1
q02710,technical,1,0,,
q02711,billing,1,1,1,1
q02712,account,1,1,,
q02713,billing,0,1,,
q02714,technical,1,0,,
q02715,billing,1,1,,
q02716,account,1,1,1,1
q02717,technical,1,0,,
q02718,technical,1,1,,
q02719,billing,1,0,,
q02720,technical,1,1,,
q02721,billing,0,1,,
q02722,billing,0,1,,
q02723,account,0,1,,
q02724,technical,0,1,,
q02725,billing,0,0,,
q02726,billing,1,1,,
q02727,technical,1,1,,
q02728,account,1,1,1,1
q02729,billing,0,1,0,1
q02730,billing,1,1,1,1
q02731,technical,1,1,1,1
q02732,account,1,1,,
q02733,billing,0,0,0,1
q02734,technical,1,1,,
q02735,account,1,1,,
q02736,billing,0,1,,
q02737,account,0,1,0,1
q02738,technical,0,1,0,1
q02739,billing,1,1,1,1
q02740,technical,0,1,0,1
q02741,account,1,1,1,0
q02742,account,1,1,1,1
q02743,technical,1,1,,
q02744,account,1,0,1,1
q02745,account,1,1,1,1
q02746,technical,1,1,1,1
q02747,technical,1,1,1,1
q02748,technical,0,1,1,1
q02749,technical,1,1,,
q02750,account,1,1,,
q02751,account,1,1,,
q02752,account,1,1,1,1
q02753,account,0,1,,
q02754,account,0,1,0,1
q02755,billing,0,1,,
q02756,technical,1,0,,
q02757,account,0,1,0,1
q02758,account,1,0,0,0
q02759,billing,1,1,1,1
q02760,account,1,1,1,1
q02761,technical,1,1,,
q02762,account,0,1,,
q02763,billing,1,1,1,1
q02764,billing,1,1,1,1
q02765,account,1,0,,
q02766,billing,1,1,,
q02767,account,0,0,,
q02768,account,1,0,,
q02769,billing,1,1,1,1
q02770,billing,1,1,1,1
q02771,billing,1,1,,
q02772,billing,0,1,0,1
q02773,technical,1,1,,
q02774,technical,0,1,0,0
q02775,billing,1,1,,
q02776,billing,1,1,,
q02777,account,0,0,0,1
q02778,billing,0,1,,
q02779,account,0,1,,
q02780,billing,1,1,1,0
q02781,billing,1,1,1,1
q02782,billing,1,1,,
q02783,billing,0,1,0,1
q02784,account,1,1,1,1
q02785,technical,0,0,,
q02786,billing,1,1,,
q02787,billing,1,1,0,1
q02788,billing,1,1,,
q02789,account,0,0,,
q02790,technical,1,1,,
q02791,billing,0,0,,
q02792,billing,0,1,,
q02793,account,0,0,0,0
q02794,billing,0,1,,
q02795,billing,1,1,,
q02796,billing,0,1,,
q02797,billing,0,1,0,1
q02798,billing,1,1,1,1
q02799,account,0,1,,
q02800,technical,1,0,1,1
q02801,account,1,1,,
q02802,account,1,1,,
q02803,account,0,1,1,1
q02804,billing,0,1,,
q02805,technical,1,1,,
q02806,account,1,1,1,1
q02807,technical,1,0,1,0
q02808,account,0,1,0,1
q02809,technical,0,1,,
q02810,account,0,1,0,1
q02811,billing,0,1,0,1
q02812,account,1,1,0,1
q02813,billing,0,1,,
q02814,account,0,1,,
q02815,account,0,1,0,1
q02816,technical,0,0,,
q02817,billing,1,1,,
q02818,technical,0,1,,
q02819,account,1,1,1,1
q02820,technical,0,0,0,0
q02821,billing,0,0,,
q02822,account,1,1,1,1
q02823,account,1,1,,
q02824,billing,1,1,1,1
q02825,account,1,1,,
q02826,account,1,1,1,1
q02827,account,1,1,,
q02828,technical,1,1,,
q02829,technical,1,1,,
q02830,billing,1,1,,
q02831,billing,0,1,0,1
q02832,billing,1,1,,
q02833,billing,1,1,,
q02834,account,1,1,,
q02835,account,1,0,,
q02836,account,1,0,0,1
q02837,account,0,1,0,1
q02838,billing,0,1,1,1
q02839,technical,1,1,1,0
q02840,account,0,0,,
q02841,billing,1,1,1,1
q02842,billing,1,1,,
q02843,technical,1,1,,
q02844,billing,1,1,,
q02845,billing,1,0,,
q02846,account,0,1,,
q02847,technical,1,1,,
q02848,billing,0,1,0,1
q02849,account,1,1,,
q02850,technical,1,1,1,1
q02851,billing,1,0,,
q02852,technical,1,1,,
q02853,billing,1,1,,
q02854,billing,0,1,,
q02855,technical,0,1,,
q02856,account,0,1,0,1
q02857,technical,0,1,,
q02858,billing,0,1,,
q02859,billing,1,1,1,1
q02860,technical,1,1,,
q02861,billing,0,1,0,1
q02862,billing,1,1,1,1
q02863,billing,0,1,,
q02864,billing,1,1,,
q02865,technical,0,1,0,1
q02866,account,1,1,,
q02867,account,0,1,,
q02868,billing,1,1,,
q02869,account,1,1,,
q02870,account,1,1,1,1
q02871,account,0,1,0,1
q02872,technical,1,1,,
q02873,account,1,0,,
q02874,billing,0,0,,
q02875,billing,1,1,,
q02876,account,1,0,,
q02877,billing,0,0,,
q02878,billing,1,1,1,1
q02879,billing,1,1,1,1
q02880,billing,1,1,,
q02881,account,1,1,,
q02882,billing,1,0,,
q02883,billing,1,1,,
q02884,billing,1,1,1,1
q02885,billing,1,0,,
q02886,billing,0,0,,
q02887,technical,1,1,,
q02888,billing,0,0,0,0
q02889,billing,1,1,,
q02890,billing,1,1,,
q02891,technical,1,1,,
q02892,account,0,1,,
q02893,technical,0,1,0,0
q02894,account,1,1,1,1
q02895,technical,1,1,1,0
q02896,technical,0,0,0,0
q02897,account,1,1,1,1
q02898,technical,0,0,,
q02899,account,1,1,,
q02900,technical,0,1,,
q02901,billing,1,1,,
q02902,technical,1,1,,
q02903,billing,0,0,0,1
q02904,technical,1,1,1,0
q02905,account,1,1,,
q02906,billing,1,1,,
q02907,technical,1,1,,
q02908,billing,0,1,,
q02909,account,1,1,,
q02910,account,1,1,,
q02911,account,1,1,1,1
q02912,account,1,1,1,1
q02913,account,1,0,,
q02914,account,1,1,,
q02915,billing,1,1,1,1
q02916,technical,1,1,1,1
q02917,billing,1,1,,
q02918,technical,1,1,1,0
q02919,technical,1,0,1,0
q02920,technical,1,1,,
q02921,technical,0,1,,
q02922,technical,0,1,0,0
q02923,billing,1,1,1,1
q02924,account,1,0,1,0
q02925,account,1,1,1,1
q02926,billing,1,1,,
q02927,account,0,0,0,0
q02928,account,0,1,0,0
q02929,technical,1,1,,
q02930,technical,0,1,,
q02931,billing,1,1,0,1
q02932,technical,0,1,,
q02933,billing,1,1,,
q02934,technical,1,1,1,1
q02935,billing,1,0,0,1
q02936,account,0,1,,
q02937,billing,0,0,,
q02938,account,0,1,,
q02939,billing,1,1,1,1
q02940,account,1,1,,
q02941,account,0,1,0,1
q02942,billing,0,1,0,1
q02943,account,0,1,,
q02944,billing,0,1,,
q02945,billing,1,1,1,1
q02946,billing,1,1,,
q02947,account,0,1,0,1
q02948,technical,1,1,,
q02949,technical,1,1,,
q02950,technical,1,1,,
q02951,billing,1,0,,
q02952,billing,1,1,1,1
q02953,account,0,0,,
q02954,account,1,1,1,1
q02955,account,0,1,0,0
q02956,account,1,1,,
q02957,billing,1,1,1,1
q02958,technical,1,0,1,0
q02959,billing,1,1,,
q02960,billing,1,1,,
q02961,billing,0,1,,
q02962,technical,1,0,,
q02963,account,1,1,1,1
q02964,account,0,1,,
q02965,billing,0,0,0,1
q02966,technical,0,1,,
q02967,account,1,1,1,1
q02968,billing,0,1,,
q02969,billing,0,1,,
q02970,technical,1,1,,
q02971,account,0,1,0,1
q02972,technical,0,1,0,1
q02973,account,1,0,,
q02974,account,1,1,1,1
q02975,account,1,1,1,1
q02976,technical,1,1,1,0
q02977,account,1,1,1,1
q02978,billing,1,1,1,1
q02979,technical,0,0,,
q02980,billing,1,1,0,1
q02981,account,1,1,,
q02982,account,1,1,1,1
q02983,billing,1,1,,
q02984,billing,1,1,,
q02985,account,0,0,,
q02986,billing,1,1,,
q02987,billing,1,0,,
q02988,billing,1,1,0,0
q02989,account,1,1,1,1
q02990,account,1,1,,
q02991,billing,1,1,1,0
q02992,technical,1,1,,
q02993,billing,1,1,,
q02994,billing,1,1,,
q02995,technical,0,1,,
q02996,technical,1,1,,
q02997,account,1,0,,
q02998,technical,0,1,,
q02999,account,0,1,,
q03000,account,1,1,,
q03001,billing,1,0,,
q03002,account,1,1,1,1
q03003,technical,1,1,,
q03004,account,1,1,1,1
q03005,billing,1,1,,
q03006,billing,1,1,,
q03007,account,0,1,,
q03008,technical,0,1,0,1
q03009,billing,1,1,,
q03010,technical,0,1,0,1
q03011,billing,0,0,,
q03012,billing,1,1,,
q03013,billing,0,1,0,1
q03014,technical,1,1,1,0
q03015,account,1,1,,
q03016,account,1,0,,
q03017,billing,0,1,0,0
q03018,billing,1,1,,
q03019,technical,0,1,,
q03020,technical,1,1,,
q03021,account,1,0,,
q03022,billing,0,1,,
q03023,technical,0,0,,
q03024,account,0,0,0,0
q03025,billing,1,1,,
q03026,account,1,1,,
q03027,account,1,1,,
q03028,account,1,1,,
q03029,billing,1,1,,
q03030,technical,1,1,,
q03031,billing,0,0,,
q03032,technical,1,1,,
q03033,billing,0,1,1,1
q03034,technical,1,0,0,0
q03035,account,1,1,,
q03036,account,1,0,,
q03037,account,1,1,,
q03038,account,1,1,1,1
q03039,billing,0,1,,
q03040,account,1,0,,
q03041,billing,1,0,1,0
q03042,account,1,1,1,1
q03043,account,0,1,,
q03044,account,1,1,1,1
q03045,technical,1,1,,
q03046,billing,1,1,,
q03047,technical,1,1,1,0
q03048,technical,0,0,0,0
q03049,billing,1,1,1,1
q03050,billing,1,1,1,1
q03051,account,1,1,,
q03052,billing,1,1,1,1
q03053,billing,0,1,0,1
q03054,account,1,1,1,1
q03055,technical,1,0,1,0
q03056,technical,1,1,,
q03057,technical,1,1,1,1
q03058,billing,0,1,,
q03059,billing,1,1,,
q03060,billing,1,1,1,0
q03061,billing,1,0,,
q03062,billing,0,0,0,1
q03063,account,0,1,,
q03064,account,0,1,0,1
q03065,billing,0,1,,
q03066,technical,1,1,,
q03067,billing,1,1,1,1
q03068,billing,0,1,,
q03069,technical,0,1,0,0
q03070,billing,0,1,,
q03071,billing,0,1,0,1
q03072,account,0,1,1,0
q03073,technical,0,0,0,0
q03074,billing,0,1,0,1
q03075,account,1,1,,
q03076,billing,0,0,0,0
q03077,account,0,1,,
q03078,billing,1,1,,
q03079,technical,1,1,0,1
q03080,account,0,1,,
q03081,billing,0,1,0,1
q03082,billing,1,1,,
q03083,account,1,1,,
q03084,billing,0,1,0,1
q03085,technical,1,1,1,0
q03086,billing,1,0,,
q03087,technical,1,0,0,0
q03088,billing,1,1,,
q03089,billing,0,1,,
q03090,billing,0,1,,
q03091,technical,1,1,,
q03092,billing,1,0,,
q03093,technical,1,1,1,0
q03094,account,1,1,0,1
q03095,technical,1,1,,
q03096,account,0,0,,
q03097,billing,1,1,1,1
q03098,billing,1,1,,
q03099,account,0,1,,
q03100,billing,0,1,,
q03101,account,1,1,,
q03102,account,1,0,1,0
q03103,account,1,1,,
q03104,technical,1,0,,
q03105,billing,1,0,1,1
q03106,billing,1,1,,
q03107,technical,1,1,,
q03108,billing,1,1,0,1
q03109,technical,1,1,1,0
q03110,billing,1,1,1,1
q03111,billing,1,1,0,1
q03112,account,1,1,,
q03113,billing,1,0,,
q03114,account,0,1,0,1
q03115,account,0,0,,
q03116,billing,1,1,1,1
q03117,billing,1,1,,
q03118,billing,0,1,,
q03119,account,1,1,,
q03120,technical,1,1,,
q03121,billing,1,0,,
q03122,technical,1,1,,
q03123,billing,1,1,1,1
q03124,account,0,1,,
q03125,account,0,1,,
q03126,technical,1,1,,
q03127,account,1,0,,
q03128,billing,0,1,,
q03129,account,1,0,0,0
q03130,billing,1,1,,
q03131,technical,0,1,,
q03132,billing,0,1,,
q03133,technical,1,0,,
q03134,technical,1,1,1,0
q03135,account,1,1,,
q03136,account,0,1,,
q03137,account,0,1,,
q03138,billing,1,1,1,1
q03139,technical,1,0,,
q03140,account,1,1,1,1
q03141,account,0,1,0,1
q03142,billing,1,1,1,1
q03143,account,1,0,,
q03144,account,0,1,0,1
q03145,account,1,0,,
q03146,billing,0,1,0,1
q03147,billing,1,0,,
q03148,account,1,0,,
q03149,account,1,1,,
q03150,account,1,1,,
q03151,account,1,0,1,0
q03152,account,1,0,,
q03153,billing,0,0,,
q03154,billing,1,1,0,1
q03155,technical,0,1,,
q03156,billing,1,0,,
q03157,account,0,0,0,0
q03158,account,1,1,,
q03159,billing,1,1,1,1
q03160,billing,1,1,,
q03161,billing,1,1,,
q03162,technical,1,1,,
q03163,billing,1,1,1,1
q03164,billing,1,1,1,1
q03165,account,1,1,,
q03166,technical,1,1,,
q03167,technical,1,1,1,1
q03168,billing,0,0,,
q03169,technical,1,1,,
q03170,billing,1,0,1,0
q03171,account,1,0,1,1
q03172,technical,1,0,,
q03173,account,0,0,,
q03174,billing,1,1,,
q03175,billing,1,1,,
q03176,technical,1,1,1,0
q03177,billing,1,1,,
q03178,billing,1,1,,
q03179,billing,0,1,,
q03180,billing,1,0,,
q03181,billing,1,1,,
q03182,billing,1,0,,
q03183,technical,0,1,,
q03184,technical,1,0,,
q03185,technical,0,1,,
q03186,technical,1,0,,
q03187,technical,0,1,,
q03188,account,1,1,1,1
q03189,account,1,0,0,0
q03190,billing,1,1,,
q03191,billing,1,0,,
q03192,technical,0,1,,
q03193,technical,0,1,,
q03194,account,1,1,,
q03195,account,0,0,,
q03196,billing,1,1,,
q03197,technical,1,1,,
q03198,technical,1,0,,
q03199,billing,1,1,,
q03200,technical,1,1,,
q03201,technical,0,1,,
q03202,account,1,1,1,1
q03203,account,0,1,0,1
q03204,account,1,1,,
q03205,technical,1,1,1,1
q03206,technical,1,1,,
q03207,technical,1,1,,
q03208,account,1,1,,
q03209,billing,1,0,,
q03210,technical,1,1,,
q03211,billing,0,0,0,0
q03212,account,0,1,,
q03213,billing,1,1,1,1
q03214,billing,0,1,0,1
q03215,technical,1,1,,
q03216,technical,1,1,1,1
q03217,account,1,1,,
q03218,account,0,1,,
q03219,billing,1,0,,
q03220,account,1,1,,
q03221,account,0,1,,
q03222,account,1,1,,
q03223,billing,1,1,1,1
q03224,account,1,1,,
q03225,billing,1,1,,
q03226,billing,1,1,,
q03227,account,0,0,1,0
q03228,account,1,1,,
q03229,billing,1,1,,
q03230,billing,1,0,,
q03231,technical,1,1,,
q03232,account,1,1,1,1
q03233,technical,0,1,,
q03234,technical,1,1,,
q03235,account,0,0,,
q03236,billing,0,1,,
q03237,account,0,1,0,1
q03238,technical,1,1,,
q03239,account,1,1,0,1
q03240,technical,1,1,,
q03241,billing,1,1,1,1
q03242,account,0,1,,
q03243,technical,0,1,,
q03244,billing,1,0,,
q03245,billing,1,0,,
q03246,technical,0,1,,
q03247,billing,0,1,,
q03248,billing,0,0,,
q03249,billing,0,1,,
q03250,account,0,1,0,1
q03251,technical,1,1,,
q03252,technical,1,1,1,1
q03253,billing,1,1,,
q03254,billing,1,0,,
q03255,account,0,1,,
q03256,account,1,1,,
q03257,account,1,1,,
q03258,technical,1,0,,
q03259,account,0,1,0,1
q03260,billing,1,1,,
q03261,billing,1,1,,
q03262,billing,1,1,,
q03263,billing,0,1,,
q03264,technical,1,1,,
q03265,billing,0,1,,
q03266,billing,1,1,,
q03267,billing,0,0,0,0
q03268,billing,1,1,0,1
q03269,technical,1,0,1,0
q03270,technical,1,1,1,1
q03271,technical,1,1,1,0
q03272,technical,1,1,1,1
q03273,account,0,1,,
q03274,account,1,1,1,1
q03275,technical,0,1,,
q03276,billing,1,1,0,0
q03277,billing,0,1,,
q03278,billing,1,1,,
q03279,technical,1,1,,
q03280,billing,0,1,,
q03281,technical,1,1,1,0
q03282,billing,1,1,,
q03283,billing,1,1,,
q03284,billing,0,1,,
q03285,billing,0,1,,
q03286,account,0,0,0,0
q03287,technical,1,1,1,1
q03288,technical,1,1,,
q03289,technical,1,1,,
q03290,account,1,0,,
q03291,account,0,1,1,1
q03292,technical,1,1,,
q03293,technical,1,1,1,0
q03294,account,0,1,,
q03295,account,0,1,0,1
q03296,account,1,1,,
q03297,account,1,1,0,1
q03298,technical,0,1,,
q03299,technical,1,1,,
q03300,billing,0,1,,
q03301,billing,1,1,1,0
q03302,account,1,1,,
q03303,technical,1,1,1,1
q03304,billing,1,0,1,0
q03305,account,1,1,,
q03306,technical,0,1,,
q03307,account,0,1,0,1
q03308,billing,1,1,,
q03309,billing,1,1,,
q03310,billing,1,1,,
q03311,billing,1,1,,
q03312,account,1,1,,
q03313,billing,0,1,,
q03314,billing,0,0,,
q03315,billing,1,1,,
q03316,billing,1,1,1,1
q03317,technical,0,1,0,1
q03318,account,1,1,1,1
q03319,account,1,0,1,0
q03320,billing,1,1,,
q03321,technical,1,1,,
q03322,billing,1,0,,
q03323,billing,0,0,0,0
q03324,technical,1,1,,
q03325,technical,1,1,,
q03326,technical,0,1,,
q03327,account,0,1,0,1
q03328,billing,1,1,,
q03329,billing,0,1,,
q03330,account,1,0,1,0
q03331,account,0,1,,
q03332,technical,1,1,,
q03333,billing,0,1,,
q03334,billing,1,0,,
q03335,technical,1,1,,
q03336,billing,1,1,0,1
q03337,account,1,0,,
q03338,account,0,1,0,1
q03339,account,0,1,,
q03340,billing,1,1,1,1
q03341,billing,0,0,,
q03342,account,1,1,0,1
q03343,billing,1,1,,
q03344,billing,0,1,0,1
q03345,account,0,1,,
q03346,billing,1,1,,
q03347,technical,1,1,,
q03348,billing,1,1,1,0
q03349,account,0,1,,
q03350,technical,1,1,0,1
q03351,technical,0,1,0,0
q03352,billing,0,1,0,0
q03353,billing,1,1,1,0
q03354,billing,1,1,,
q03355,account,1,0,,
q03356,technical,1,1,,
q03357,account,1,1,,
q03358,account,0,0,,
q03359,account,1,1,1,1
q03360,account,1,1,1,1
q03361,account,1,0,,
q03362,billing,0,1,,
q03363,technical,0,1,,
q03364,account,1,0,,
q03365,billing,1,0,1,0
q03366,technical,0,1,,
q03367,technical,0,1,,
q03368,technical,1,1,1,1
q03369,technical,1,0,0,0
q03370,billing,1,1,0,1
q03371,technical,1,1,1,0
q03372,billing,0,1,0,0
q03373,account,1,1,,
q03374,technical,1,1,,
q03375,account,1,0,1,1
q03376,account,1,1,,
q03377,billing,1,1,,
q03378,technical,1,1,,
q03379,billing,0,0,0,0
q03380,billing,1,1,,
q03381,account,0,1,0,1
q03382,billing,1,1,0,1
q03383,billing,1,1,1,1
q03384,billing,1,1,,
q03385,technical,1,1,,
q03386,account,1,1,,
q03387,technical,1,1,1,1
q03388,billing,0,1,0,1
q03389,technical,1,1,1,1
q03390,billing,0,1,0,1
q03391,billing,0,1,0,1
q03392,technical,1,0,,
q03393,billing,1,1,0,1
q03394,account,1,0,,
q03395,technical,1,0,,
q03396,billing,1,1,1,1
q03397,account,0,1,0,1
q03398,billing,1,1,,
q03399,technical,1,1,,
q03400,account,1,1,,
q03401,billing,1,1,,
q03402,account,0,1,0,1
q03403,technical,0,1,1,1
q03404,billing,0,1,,
q03405,billing,1,1,0,0
q03406,account,0,1,,
q03407,account,1,1,,
q03408,billing,0,0,1,1
q03409,account,1,1,,
q03410,billing,1,1,,
q03411,billing,1,1,,
q03412,technical,1,1,,
q03413,technical,0,1,0,1
q03414,technical,1,1,,
q03415,billing,0,0,,
q03416,billing,1,1,,
q03417,technical,1,0,1,0
q03418,technical,0,1,,
q03419,billing,0,0,,
q03420,billing,1,1,,
q03421,billing,1,0,1,0
q03422,billing,1,1,,
q03423,billing,1,1,1,1
q03424,billing,1,1,1,1
q03425,account,1,1,,
q03426,technical,1,1,,
q03427,technical,0,1,,
q03428,technical,0,1,,
q03429,billing,1,1,,
q03430,account,1,1,1,1
q03431,technical,1,0,1,0
q03432,billing,1,1,1,1
q03433,billing,1,0,,
q03434,billing,1,1,1,1
q03435,billing,1,1,,
q03436,billing,0,1,,
q03437,billing,1,1,,
q03438,billing,1,1,,
q03439,account,0,1,,
q03440,technical,0,1,0,0
q03441,billing,1,0,,
q03442,technical,1,1,,
q03443,account,0,1,,
q03444,billing,0,1,,
q03445,billing,0,1,,
q03446,account,1,1,,
q03447,account,1,1,,
q03448,billing,1,1,,
q03449,account,1,0,,
q03450,account,0,1,,
q03451,account,1,0,,
q03452,billing,0,1,,
q03453,technical,1,1,,
q03454,billing,1,1,,
q03455,technical,1,1,,
q03456,account,1,0,1,1
q03457,billing,1,1,0,1
q03458,billing,1,1,1,0
q03459,billing,0,1,,
q03460,account,1,1,1,0
q03461,billing,1,1,1,1
q03462,billing,0,1,1,1
q03463,billing,1,1,1,1
q03464,technical,1,1,1,0
q03465,technical,1,1,,
q03466,billing,0,1,,
q03467,billing,1,1,1,1
q03468,technical,1,1,1,1
q03469,billing,0,1,,
q03470,account,1,1,1,1
q03471,billing,0,1,0,1
q03472,account,0,1,,
q03473,billing,0,1,,
q03474,account,0,0,,
q03475,technical,0,1,,
q03476,billing,1,1,,
q03477,billing,0,1,0,1
q03478,technical,0,1,,
q03479,technical,1,0,,
q03480,account,1,0,,
q03481,billing,1,1,1,1
q03482,account,1,1,1,1
q03483,billing,0,1,,
q03484,account,1,0,1,1
q03485,technical,1,1,,
q03486,billing,0,1,,
q03487,account,0,0,0,0
q03488,account,1,1,1,1
q03489,billing,0,0,,
q03490,billing,1,1,,
q03491,billing,0,1,,
q03492,billing,1,1,,
q03493,account,1,0,,
q03494,account,1,1,,
q03495,account,0,1,,
q03496,billing,1,1,0,0
q03497,billing,1,1,1,1
q03498,technical,0,1,,
q03499,technical,1,1,,
q03500,billing,1,1,1,1
q03501,technical,0,1,,
q03502,technical,1,1,,
q03503,account,1,1,1,1
q03504,technical,1,1,1,0
q03505,account,1,0,,
q03506,technical,0,1,,
q03507,billing,0,1,0,1
q03508,account,1,1,1,1
q03509,account,0,1,,
q03510,account,0,1,,
q03511,account,1,1,1,1
q03512,billing,1,0,0,0
q03513,billing,1,1,1,1
q03514,account,0,1,0,1
q03515,billing,1,0,,
q03516,billing,0,1,0,1
q03517,account,0,0,,
q03518,billing,1,1,,
q03519,account,0,1,1,0
q03520,account,0,0,,
q03521,technical,0,1,,
q03522,billing,1,0,,
q03523,account,1,0,0,0
q03524,technical,1,1,,
q03525,technical,0,0,,
q03526,account,0,1,,
q03527,technical,0,1,,
q03528,billing,1,1,,
q03529,billing,1,1,,
q03530,billing,0,1,0,1
q03531,technical,1,1,1,1
q03532,billing,0,1,0,1
q03533,billing,1,1,1,1
q03534,account,0,0,0,0
q03535,billing,0,1,0,1
q03536,account,1,1,1,1
q03537,account,0,1,,
q03538,billing,1,1,1,1
q03539,billing,0,1,,
q03540,billing,1,1,1,1
q03541,billing,1,0,,
q03542,billing,1,1,,
q03543,billing,1,1,1,1
q03544,billing,0,1,0,0
q03545,billing,0,0,,
q03546,account,1,0,1,0
q03547,account,1,1,1,1
q03548,account,1,1,,
q03549,account,1,1,,
q03550,technical,0,1,0,0
q03551,billing,1,0,,
q03552,account,1,0,,
q03553,account,1,1,,
q03554,billing,1,1,1,1
q03555,technical,1,1,1,1
q03556,account,1,0,,
q03557,technical,1,1,,
q03558,account,0,1,,
q03559,billing,0,1,0,1
q03560,billing,0,1,0,1
q03561,billing,0,1,,
q03562,account,1,1,1,1
q03563,billing,1,1,1,0
q03564,billing,0,0,,
q03565,technical,0,1,0,0
q03566,account,1,1,,
q03567,billing,1,1,1,1
q03568,billing,0,1,,
q03569,billing,1,1,,
q03570,account,0,1,,
q03571,account,1,1,,
q03572,account,1,0,1,0
q03573,technical,1,1,1,0
q03574,account,1,1,,
q03575,technical,1,1,1,0
q03576,technical,1,0,1,0
q03577,account,0,1,,
q03578,billing,1,0,,
q03579,technical,1,0,1,0
q03580,account,1,1,,
q03581,technical,1,1,,
q03582,billing,0,1,,
q03583,technical,1,1,1,1
q03584,technical,1,1,,
q03585,technical,1,1,1,1
q03586,account,1,0,1,1
q03587,billing,1,0,0,0
q03588,technical,0,1,,
q03589,account,1,1,,
q03590,billing,1,1,,
q03591,technical,1,1,0,0
q03592,billing,1,1,,
q03593,account,0,1,,
q03594,billing,1,1,,
q03595,technical,1,1,1,0
q03596,account,0,0,,
q03597,technical,1,1,,
q03598,technical,1,1,,
q03599,billing,1,1,1,1
q03600,technical,1,1,,
q03601,billing,1,1,,
q03602,billing,0,0,,
q03603,billing,1,0,1,0
q03604,account,1,1,,
q03605,billing,1,1,,
q03606,account,1,1,,
q03607,billing,1,0,,
q03608,technical,1,1,,
q03609,account,1,1,,
q03610,account,1,1,,
q03611,billing,0,1,0,0
q03612,account,1,1,1,1
q03613,billing,1,1,,
q03614,technical,1,1,,
q03615,account,1,1,,
q03616,billing,1,1,1,1
q03617,technical,1,1,1,1
q03618,billing,1,1,,
q03619,billing,1,1,,
q03620,technical,1,0,1,0
q03621,technical,0,1,0,0
q03622,billing,1,1,,
q03623,account,1,0,1,0
q03624,account,0,1,,
q03625,account,1,1,,
q03626,account,0,0,,
q03627,account,0,1,,
q03628,technical,1,0,,
q03629,account,1,1,1,1
q03630,billing,1,0,1,1
q03631,billing,0,1,0,1
q03632,account,1,1,,
q03633,account,0,1,,
q03634,billing,0,1,,
q03635,account,0,0,,
q03636,technical,1,1,,
q03637,billing,1,1,,
q03638,technical,0,1,0,1
q03639,technical,0,0,,
q03640,account,1,1,,
q03641,billing,1,1,0,1
q03642,technical,1,1,0,1
q03643,billing,1,1,,
q03644,technical,0,1,0,1
q03645,technical,0,1,1,1
q03646,account,0,0,,
q03647,technical,0,1,,
q03648,account,0,1,,
q03649,technical,1,1,,
q03650,account,1,1,,
q03651,billing,1,1,,
q03652,account,0,1,,
q03653,account,1,1,,
q03654,technical,1,1,,
q03655,account,0,1,,
q03656,billing,0,1,1,1
q03657,account,0,1,0,1
q03658,account,1,1,0,1
q03659,technical,1,1,1,1
q03660,billing,1,1,,
q03661,billing,0,1,,
q03662,billing,1,1,1,1
q03663,account,0,1,0,1
q03664,billing,0,1,0,1
q03665,account,1,1,,
q03666,account,1,0,,
q03667,account,1,1,,
q03668,billing,1,1,1,1
q03669,billing,0,1,,
q03670,billing,1,1,,
q03671,account,1,1,,
q03672,account,0,1,,
q03673,account,1,1,,
q03674,billing,1,0,,
q03675,billing,0,1,,
q03676,account,1,1,,
q03677,billing,0,0,,
q03678,account,1,1,,
q03679,billing,1,1,,
q03680,billing,0,1,,
q03681,technical,1,1,,
q03682,account,1,0,,
q03683,technical,1,1,0,1
q03684,technical,1,1,,
q03685,technical,0,1,,
q03686,account,1,1,1,1
q03687,billing,1,1,,
q03688,technical,0,1,,
q03689,account,1,1,,
q03690,account,1,1,,
q03691,account,0,1,,
q03692,technical,1,1,,
q03693,billing,0,1,,
q03694,account,1,1,1,1
q03695,billing,1,0,1,0
q03696,billing,1,1,1,1
q03697,account,0,1,,
q03698,account,0,0,,
q03699,technical,1,1,1,0
q03700,billing,1,0,,
q03701,billing,0,1,1,1
q03702,billing,1,1,,
q03703,technical,1,1,,
q03704,technical,1,1,1,0
q03705,billing,1,1,,
q03706,account,1,1,,
q03707,billing,1,1,1,1
q03708,account,1,1,1,1
q03709,billing,0,1,,
q03710,billing,0,1,,
q03711,account,1,1,1,1
q03712,account,0,1,,
q03713,billing,1,1,1,0
q03714,billing,1,1,,
q03715,billing,1,1,,
q03716,technical,0,1,0,0
q03717,account,1,1,1,1
q03718,account,1,1,1,1
q03719,technical,0,1,,
q03720,billing,0,1,0,1
q03721,billing,1,1,,
q03722,technical,0,1,0,1
q03723,billing,1,1,1,1
q03724,billing,1,1,,
q03725,account,0,1,,
q03726,technical,1,1,,
q03727,billing,1,1,,
q03728,billing,1,1,1,1
q03729,billing,1,0,0,1
q03730,billing,1,1,,
q03731,account,0,1,0,1
q03732,billing,1,1,,
q03733,account,1,1,,
q03734,account,0,0,0,1
q03735,billing,0,1,0,1
q03736,account,1,1,,
q03737,technical,1,0,1,0
q03738,billing,1,1,,
q03739,billing,0,1,0,1
q03740,technical,1,1,1,1
q03741,technical,1,0,,
q03742,account,1,1,1,0
q03743,technical,0,1,,
q03744,billing,1,1,,
q03745,technical,1,1,,
q03746,account,0,1,0,1
q03747,billing,1,1,1,1
q03748,billing,1,1,,
q03749,billing,0,0,0,1
q03750,account,1,1,1,1
q03751,billing,1,1,1,1
q03752,billing,0,1,,
q03753,billing,1,1,,
q03754,technical,1,1,,
q03755,billing,1,1,1,1
q03756,account,0,1,0,1
q03757,technical,1,0,0,0
q03758,technical,0,1,,
q03759,billing,0,0,,
q03760,technical,1,1,,
q03761,account,1,1,1,0
q03762,technical,1,1,,
q03763,technical,1,1,1,0
q03764,account,1,1,1,1
q03765,account,0,1,,
q03766,account,0,1,,
q03767,billing,1,1,1,1
q03768,account,0,0,,
q03769,billing,1,0,,
q03770,account,1,1,,
q03771,billing,0,1,,
q03772,technical,1,1,,
q03773,technical,1,1,1,0
q03774,technical,1,1,,
q03775,account,0,1,,
q03776,billing,0,1,0,0
q03777,technical,1,1,,
q03778,billing,1,1,,
q03779,billing,1,1,1,1
q03780,account,0,1,0,1
q03781,billing,1,1,,
q03782,account,1,1,1,1
q03783,billing,1,1,1,1
q03784,technical,1,1,,
q03785,technical,1,1,1,1
q03786,billing,1,1,,
q03787,billing,1,1,,
q03788,account,0,1,,
q03789,technical,1,1,1,0
q03790,technical,0,1,0,1
q03791,billing,1,1,0,1
q03792,billing,1,1,,
q03793,technical,1,1,,
q03794,billing,1,1,0,1
q03795,billing,1,0,1,0
q03796,billing,1,0,,
q03797,technical,1,1,,
q03798,account,0,1,,
q03799,billing,0,1,0,0
q03800,billing,0,0,,
q03801,billing,1,1,,
q03802,billing,0,1,,
q03803,account,1,1,1,1
q03804,billing,0,1,,
q03805,technical,1,0,,
q03806,technical,1,1,,
q03807,account,0,0,,
q03808,billing,1,0,,
q03809,account,1,1,,
q03810,technical,1,0,1,0
q03811,account,0,1,,
q03812,technical,1,1,1,0
q03813,billing,0,0,0,0
q03814,billing,1,1,1,1
q03815,billing,0,1,,
q03816,technical,0,1,0,0
q03817,account,1,1,,
q03818,technical,1,1,1,0
q03819,billing,1,1,,
q03820,account,0,1,0,0
q03821,billing,0,1,,
q03822,billing,1,1,,
q03823,technical,1,1,,
q03824,account,1,1,,
q03825,billing,1,0,1,0
q03826,billing,1,1,,
q03827,account,1,1,,
q03828,account,1,1,1,0
q03829,technical,0,1,0,1
q03830,billing,0,1,,
q03831,account,1,1,,
q03832,account,0,1,,
q03833,account,0,0,0,1
q03834,billing,1,1,0,1
q03835,technical,1,1,1,0
q03836,account,1,0,1,0
q03837,account,0,0,,
q03838,account,1,1,,
q03839,account,0,1,0,1
q03840,technical,0,1,0,1
q03841,billing,1,1,,
q03842,technical,1,1,,
q03843,billing,1,0,1,1
q03844,account,1,0,1,0
q03845,account,0,1,0,1
q03846,account,1,1,,
q03847,billing,0,1,,
q03848,billing,0,1,0,1
q03849,technical,1,1,,
q03850,billing,1,1,,
q03851,technical,1,1,1,0
q03852,account,0,0,,
q03853,billing,1,1,0,1
q03854,account,1,1,0,1
q03855,billing,0,0,0,0
q03856,account,1,1,1,1
q03857,billing,0,0,0,0
q03858,billing,1,1,,
q03859,account,1,1,1,1
q03860,technical,1,1,,
q03861,account,1,1,,
q03862,account,0,0,,
q03863,billing,1,0,,
q03864,account,1,1,1,1
q03865,billing,1,1,,
q03866,account,1,1,1,1
q03867,account,1,1,1,1
q03868,account,1,0,,
q03869,technical,1,1,,
q03870,account,0,0,,
q03871,billing,1,1,,
q03872,billing,1,1,1,1
q03873,billing,1,1,1,1
q03874,technical,1,1,,
q03875,technical,1,1,1,0
q03876,account,1,1,,
q03877,billing,1,1,,
q03878,technical,1,1,,
q03879,account,0,0,,
q03880,billing,0,1,0,1
q03881,account,0,1,,
q03882,billing,1,1,,
q03883,account,0,0,,
q03884,billing,1,1,,
q03885,billing,1,1,,
q03886,account,1,1,,
q03887,billing,1,1,,
q03888,billing,0,1,0,1
q03889,account,0,1,0,1
q03890,technical,0,1,,
q03891,billing,1,1,,
q03892,billing,1,1,,
q03893,technical,1,1,,
q03894,billing,0,1,,
q03895,billing,0,1,0,1
q03896,billing,0,1,0,1
q03897,technical,0,1,,
q03898,account,1,0,,
q03899,billing,0,1,0,1
q03900,billing,1,1,,
q03901,account,1,1,,
q03902,account,1,1,1,1
q03903,account,1,0,,
q03904,technical,0,1,,
q03905,billing,1,1,,
q03906,account,1,0,1,0
q03907,billing,1,0,1,0
q03908,account,1,1,0,1
q03909,billing,1,1,,
q03910,billing,1,1,1,1
q03911,technical,1,1,1,0
q03912,account,1,1,,
q03913,account,1,1,,
q03914,billing,1,1,1,1
q03915,billing,0,1,,
q03916,account,1,1,1,1
q03917,technical,1,1,,
q03918,technical,1,1,,
q03919,account,1,1,,
q03920,technical,1,1,1,0
q03921,account,1,0,,
q03922,billing,0,1,0,1
q03923,technical,1,1,,
q03924,technical,1,1,1,1
q03925,billing,1,1,1,1
q03926,billing,0,1,0,1
q03927,technical,1,1,1,0
q03928,technical,1,1,,
q03929,technical,0,1,,
q03930,account,0,1,,
q03931,technical,0,1,0,0
q03932,technical,1,1,,
q03933,technical,0,1,,
q03934,technical,0,1,,
q03935,account,0,1,0,1
q03936,billing,0,1,0,1
q03937,billing,1,0,,
q03938,account,0,1,0,1
q03939,account,1,1,1,1
q03940,billing,0,1,,
q03941,billing,1,1,1,1
q03942,technical,0,1,,
q03943,account,1,1,,
q03944,billing,0,1,,
q03945,account,1,1,,
q03946,billing,0,1,,
q03947,technical,1,1,,
q03948,technical,1,0,,
q03949,technical,1,0,,
q03950,technical,0,1,,
q03951,technical,1,1,1,0
q03952,billing,0,1,,
q03953,billing,1,1,,
q03954,billing,1,0,,
q03955,technical,0,1,0,0
q03956,billing,1,0,,
q03957,account,1,1,1,1
q03958,billing,1,1,0,1
q03959,account,1,1,,
q03960,billing,1,1,,
q03961,billing,1,0,1,0
q03962,billing,0,1,0,1
q03963,technical,1,1,1,1
q03964,billing,1,1,,
q03965,account,0,1,,
q03966,account,1,1,,
q03967,billing,1,0,,
q03968,technical,0,1,0,1
q03969,billing,0,0,,
q03970,billing,1,0,,
q03971,account,1,1,,
q03972,account,1,1,,
q03973,billing,1,1,1,0
q03974,account,0,1,0,1
q03975,account,1,0,1,0
q03976,account,1,1,,
q03977,technical,1,1,1,1
q03978,billing,1,1,1,1
q03979,billing,1,1,1,1
q03980,account,1,1,,
q03981,technical,1,1,,
q03982,account,0,0,,
q03983,account,0,1,0,1
q03984,billing,1,0,,
q03985,account,0,1,0,1
q03986,technical,1,1,1,0
q03987,account,0,1,,
q03988,billing,1,1,1,1
q03989,billing,1,1,1,1
q03990,billing,0,1,,
q03991,technical,1,1,1,0
q03992,account,0,0,,
q03993,account,1,1,,
q03994,billing,0,1,0,1
q03995,account,0,1,0,1
q03996,technical,1,1,,
q03997,technical,1,1,,
q03998,technical,1,1,0,1
q03999,technical,1,1,1,0
