example_id,v3_tokens,v4_tokens,v3_judge_passed,v4_judge_passed,v3_human_passed,v4_human_passed
q00000,180,162,1,1,,
q00001,59,414,0,1,,
q00002,76,179,1,0,,
q00003,229,162,1,1,,
q00004,189,220,1,0,,
q00005,78,137,0,1,,
q00006,83,269,0,1,,
q00007,123,438,1,1,,
q00008,103,294,0,1,,
q00009,89,106,1,1,,
q00010,107,85,1,0,,
q00011,61,154,1,1,,
q00012,46,185,1,1,,
q00013,102,189,0,1,,
q00014,194,101,1,1,,
q00015,67,108,1,1,,
q00016,105,193,0,0,0,0
q00017,91,192,1,1,,
q00018,60,168,1,0,,
q00019,80,131,1,1,,
q00020,175,326,0,1,,
q00021,70,169,0,1,,
q00022,24,289,0,1,,
q00023,149,126,1,1,,
q00024,133,153,1,1,,
q00025,88,178,1,1,0,0
q00026,102,157,0,1,,
q00027,127,97,1,1,,
q00028,100,181,0,1,,
q00029,102,381,1,1,,
q00030,196,173,1,1,,
q00031,70,136,0,1,0,1
q00032,150,226,1,1,,
q00033,124,138,1,0,1,1
q00034,112,148,0,0,,
q00035,79,196,1,1,,
q00036,80,201,1,0,,
q00037,184,384,0,1,,
q00038,109,499,0,1,,
q00039,91,187,1,1,,
q00040,78,168,1,1,0,1
q00041,57,221,0,1,,
q00042,117,121,1,0,,
q00043,80,211,1,1,,
q00044,53,241,1,0,,
q00045,180,150,1,1,,
q00046,89,109,0,0,0,0
q00047,60,207,0,1,,
q00048,53,429,1,1,,
q00049,90,430,1,1,1,1
q00050,71,169,1,1,,
q00051,144,112,1,0,,
q00052,106,91,1,1,,
q00053,414,213,1,1,,
q00054,54,157,0,1,0,1
q00055,174,194,1,1,1,0
q00056,217,149,1,1,,
q00057,73,215,1,1,1,1
q00058,64,232,0,1,,
q00059,120,357,1,1,,
q00060,67,107,1,1,,
q00061,125,74,1,0,,
q00062,53,168,0,0,,
q00063,278,300,1,1,,
q00064,137,141,0,0,,
q00065,77,366,0,1,,
q00066,82,147,0,0,,
q00067,63,139,1,0,,
q00068,78,260,1,1,,
q00069,182,100,1,1,,
q00070,200,217,0,1,,
q00071,139,231,1,1,,
q00072,57,250,0,1,,
q00073,156,238,1,1,,
q00074,61,194,1,1,,
q00075,69,222,1,1,,
q00076,113,475,1,1,,
q00077,250,146,1,1,,
q00078,51,171,0,0,,
q00079,85,178,1,1,1,0
q00080,121,222,0,0,,
q00081,91,141,1,1,,
q00082,135,209,1,0,,
q00083,62,392,0,1,,
q00084,155,152,1,1,,
q00085,220,215,1,1,,
q00086,96,259,1,0,,
q00087,77,424,0,1,,
q00088,93,205,0,1,,
q00089,122,300,1,1,,
q00090,134,358,1,1,,
q00091,88,245,1,1,,
q00092,72,264,1,1,,
q00093,96,307,1,0,,
q00094,80,80,1,1,,
q00095,138,175,1,1,,
q00096,198,252,1,1,,
q00097,55,142,1,1,,
q00098,141,82,1,1,,
q00099,86,148,1,1,,
q00100,92,184,0,0,,
q00101,98,315,1,1,,
q00102,111,359,1,1,,
q00103,231,186,0,1,,
q00104,95,376,1,1,,
q00105,83,156,1,1,,
q00106,102,103,1,1,,
q00107,82,231,1,1,,
q00108,78,445,1,1,,
q00109,96,377,1,1,,
q00110,71,342,1,1,,
q00111,104,272,1,1,,
q00112,61,286,0,1,,
q00113,255,186,1,1,,
q00114,183,267,0,1,,
q00115,96,182,1,1,,
q00116,170,117,1,0,,
q00117,71,173,0,0,,
q00118,114,379,0,1,,
q00119,100,443,1,1,1,1
q00120,157,141,0,1,,
q00121,122,132,0,1,,
q00122,69,422,1,1,,
q00123,123,235,0,1,,
q00124,132,404,0,1,,
q00125,173,176,1,1,,
q00126,96,79,1,1,,
q00127,188,216,0,1,,
q00128,148,476,1,1,,
q00129,88,299,1,1,,
q00130,76,97,0,0,,
q00131,76,467,0,1,,
q00132,74,191,1,1,,
q00133,128,92,1,1,,
q00134,141,102,1,1,,
q00135,64,191,1,1,,
q00136,37,151,0,0,1,0
q00137,81,240,1,1,0,1
q00138,104,296,1,0,,
q00139,138,161,1,1,,
q00140,43,162,1,1,,
q00141,105,140,1,1,1,1
q00142,222,123,1,1,,
q00143,105,284,1,1,,
q00144,70,371,0,1,,
q00145,99,218,0,1,1,1
q00146,151,274,1,1,,
q00147,211,131,1,1,,
q00148,120,163,1,1,,
q00149,109,145,0,1,,
q00150,89,147,1,1,,
q00151,46,187,0,1,,
q00152,143,154,1,1,,
q00153,64,143,0,1,,
q00154,80,268,1,1,,
q00155,175,346,0,1,,
q00156,126,314,0,1,,
q00157,220,203,1,1,,
q00158,80,217,1,1,,
q00159,63,269,0,1,,
q00160,104,228,1,1,,
q00161,71,174,1,0,,
q00162,114,161,1,1,,
q00163,53,132,1,0,,
q00164,151,179,0,0,0,0
q00165,50,340,0,1,,
q00166,95,143,0,0,,
q00167,80,337,1,1,,
q00168,83,218,0,1,,
q00169,90,287,1,1,,
q00170,80,235,0,1,,
q00171,72,146,0,1,,
q00172,43,144,0,1,0,1
q00173,129,211,0,1,,
q00174,127,146,0,1,,
q00175,124,131,1,1,,
q00176,372,241,1,0,,
q00177,83,126,0,0,,
q00178,41,129,1,1,,
q00179,91,388,1,1,,
q00180,92,231,1,1,,
q00181,140,97,1,0,0,0
q00182,153,229,0,1,0,1
q00183,115,184,1,0,,
q00184,66,128,1,0,,
q00185,102,213,0,1,,
q00186,179,184,1,1,,
q00187,67,101,1,1,,
q00188,56,295,1,1,,
q00189,95,291,0,1,,
q00190,98,161,1,1,,
q00191,106,104,1,1,,
q00192,281,144,0,1,,
q00193,137,134,1,1,,
q00194,64,229,1,1,,
q00195,87,173,1,0,,
q00196,130,215,1,1,,
q00197,67,197,1,1,,
q00198,78,192,1,1,,
q00199,114,228,1,1,,
q00200,115,432,0,1,,
q00201,79,162,1,1,,
q00202,105,184,1,1,0,1
q00203,105,200,0,1,,
q00204,87,210,1,1,1,1
q00205,77,360,1,1,,
q00206,192,188,1,1,,
q00207,120,127,0,1,,
q00208,98,159,0,1,0,1
q00209,94,235,1,1,,
q00210,155,359,0,1,,
q00211,33,504,1,1,1,1
q00212,91,216,1,1,,
q00213,174,283,1,0,,
q00214,118,154,0,1,0,1
q00215,62,207,1,1,,
q00216,84,158,0,1,,
q00217,137,89,1,1,,
q00218,85,126,1,0,,
q00219,185,273,1,1,,
q00220,144,399,1,1,,
q00221,95,313,1,1,1,0
q00222,73,404,0,1,,
q00223,85,432,1,1,1,1
q00224,80,216,0,1,,
q00225,51,529,0,1,,
q00226,187,127,1,1,,
q00227,78,187,0,1,,
q00228,76,320,0,1,,
q00229,95,203,1,1,,
q00230,110,101,0,1,0,1
q00231,94,126,1,0,,
q00232,67,190,0,1,0,1
q00233,103,181,1,0,,
q00234,141,225,1,0,1,0
q00235,62,502,0,1,,
q00236,49,285,0,1,,
q00237,63,642,1,1,,
q00238,72,144,1,1,,
q00239,54,166,0,1,0,0
q00240,156,120,1,1,1,1
q00241,81,248,1,1,,
q00242,136,124,0,1,,
q00243,84,148,1,1,,
q00244,66,437,1,1,,
q00245,59,332,1,1,,
q00246,99,284,0,1,,
q00247,119,119,1,0,,
q00248,81,324,1,1,1,0
q00249,68,274,1,0,,
q00250,160,271,1,1,,
q00251,108,324,1,1,1,1
q00252,64,332,0,1,1,0
q00253,99,242,1,1,,
q00254,154,325,0,1,0,1
q00255,153,128,1,0,,
q00256,163,165,1,0,,
q00257,149,108,1,0,,
q00258,106,153,1,1,,
q00259,133,333,1,1,,
q00260,73,131,0,1,,
q00261,35,161,1,1,,
q00262,167,82,1,0,,
q00263,60,245,0,1,,
q00264,56,147,0,0,,
q00265,180,95,1,1,,
q00266,162,229,1,1,,
q00267,62,222,1,1,,
q00268,83,257,1,1,,
q00269,180,247,1,0,0,0
q00270,85,123,1,1,,
q00271,57,75,1,0,,
q00272,38,132,0,1,,
q00273,63,230,0,1,1,1
q00274,134,183,1,1,,
q00275,99,221,0,1,,
q00276,36,371,1,1,,
q00277,66,375,0,1,,
q00278,78,125,1,1,,
q00279,159,109,0,0,,
q00280,57,93,1,1,,
q00281,74,149,0,1,,
q00282,193,124,1,1,,
q00283,135,239,0,1,,
q00284,102,175,1,1,,
q00285,132,149,1,1,,
q00286,75,188,0,1,0,1
q00287,43,456,0,0,,
q00288,48,280,1,1,,
q00289,146,185,0,1,,
q00290,114,180,1,1,,
q00291,148,199,1,1,,
q00292,245,207,1,1,,
q00293,86,255,1,1,0,1
q00294,68,497,1,1,,
q00295,96,499,1,1,,
q00296,161,165,1,1,,
q00297,142,132,1,1,,
q00298,195,199,1,0,,
q00299,79,275,1,0,,
q00300,209,310,1,1,1,1
q00301,97,170,1,0,,
q00302,170,232,0,1,,
q00303,260,279,0,1,,
q00304,132,148,1,1,,
q00305,219,89,0,0,,
q00306,82,97,0,1,0,1
q00307,73,283,1,1,,
q00308,94,264,1,1,,
q00309,68,229,1,1,,
q00310,33,127,1,1,,
q00311,69,199,1,1,,
q00312,217,203,1,1,,
q00313,53,119,0,0,,
q00314,165,188,1,1,,
q00315,310,280,0,1,,
q00316,89,182,0,1,,
q00317,58,96,0,0,,
q00318,76,125,1,0,,
q00319,263,88,1,1,,
q00320,141,196,1,1,,
q00321,63,363,1,1,,
q00322,44,156,0,1,,
q00323,73,99,1,1,,
q00324,116,160,1,1,,
q00325,104,128,0,1,,
q00326,64,145,0,1,,
q00327,186,240,0,1,,
q00328,109,152,0,0,,
q00329,47,231,1,1,,
q00330,335,138,0,1,,
q00331,116,188,1,0,,
q00332,41,130,0,1,,
q00333,110,153,0,1,,
q00334,80,122,1,0,,
q00335,156,383,1,1,1,1
q00336,105,285,1,1,,
q00337,154,149,1,0,,
q00338,62,189,1,1,,
q00339,69,212,0,1,,
q00340,47,185,1,1,,
q00341,52,409,0,1,,
q00342,103,374,1,1,,
q00343,93,160,0,0,,
q00344,153,487,0,1,,
q00345,104,152,1,1,,
q00346,105,376,0,1,,
q00347,64,121,1,1,1,1
q00348,144,400,0,1,,
q00349,75,562,1,1,,
q00350,169,118,1,0,,
q00351,93,255,0,1,0,1
q00352,108,125,1,1,,
q00353,103,258,1,1,,
q00354,93,174,1,1,,
q00355,167,181,0,0,0,1
q00356,66,193,0,1,,
q00357,75,176,0,1,,
q00358,78,334,1,1,,
q00359,89,86,1,1,1,1
q00360,92,157,1,0,,
q00361,95,308,1,1,,
q00362,144,282,1,1,,
q00363,157,122,1,1,,
q00364,48,175,1,1,1,1
q00365,199,233,1,1,,
q00366,154,62,1,1,,
q00367,82,226,1,1,,
q00368,78,220,1,1,,
q00369,81,102,1,1,,
q00370,145,197,0,1,,
q00371,133,151,1,1,,
q00372,112,125,1,1,,
q00373,50,282,1,0,,
q00374,140,282,0,1,,
q00375,107,388,0,1,,
q00376,104,165,1,1,,
q00377,215,82,1,1,,
q00378,131,138,0,1,0,1
q00379,72,292,1,1,,
q00380,136,186,1,1,,
q00381,90,343,0,1,,
q00382,74,222,1,1,,
q00383,147,138,1,1,,
q00384,150,196,1,1,,
q00385,84,149,0,1,0,1
q00386,52,296,0,1,,
q00387,168,208,0,1,0,0
q00388,91,360,0,1,0,1
q00389,94,187,0,1,,
q00390,105,146,0,1,,
q00391,41,277,0,1,,
q00392,174,67,1,1,,
q00393,185,148,0,1,,
q00394,159,262,0,1,,
q00395,92,206,1,1,1,0
q00396,202,245,1,1,,
q00397,182,678,1,1,,
q00398,167,257,1,1,,
q00399,103,454,1,1,,
q00400,61,163,1,1,,
q00401,47,77,0,1,,
q00402,88,71,1,0,,
q00403,70,212,1,1,,
q00404,46,243,0,1,,
q00405,66,247,0,1,,
q00406,147,205,0,1,,
q00407,141,117,1,1,,
q00408,69,293,1,1,,
q00409,32,64,1,1,,
q00410,108,134,1,0,,
q00411,120,181,1,1,,
q00412,81,275,1,1,,
q00413,130,276,0,1,0,1
q00414,165,340,1,1,,
q00415,104,157,1,0,,
q00416,145,151,0,1,,
q00417,120,323,1,1,,
q00418,111,267,1,1,,
q00419,85,110,1,0,1,0
q00420,157,229,1,1,,
q00421,59,216,1,1,,
q00422,103,276,1,1,,
q00423,203,76,1,1,1,1
q00424,75,110,0,1,0,1
q00425,104,127,0,0,,
q00426,46,473,0,1,0,1
q00427,123,217,0,1,,
q00428,209,230,1,1,,
q00429,251,288,1,1,,
q00430,87,146,0,1,,
q00431,143,96,1,0,,
q00432,105,243,1,1,,
q00433,109,521,0,1,,
q00434,71,283,1,1,,
q00435,71,201,0,1,,
q00436,139,174,0,1,,
q00437,288,281,1,1,,
q00438,64,116,0,1,,
q00439,138,108,1,1,,
q00440,162,173,1,1,1,1
q00441,96,106,0,0,,
q00442,160,257,1,1,,
q00443,142,335,1,1,,
q00444,202,144,1,1,,
q00445,85,326,0,1,,
q00446,96,211,1,0,,
q00447,104,215,0,1,0,0
q00448,71,259,0,1,,
q00449,103,197,0,1,,
q00450,132,177,1,1,,
q00451,101,236,1,0,,
q00452,141,323,1,1,,
q00453,79,301,1,1,,
q00454,76,144,0,1,,
q00455,85,176,1,0,,
q00456,108,121,0,1,,
q00457,71,201,1,1,,
q00458,99,559,1,1,,
q00459,47,97,1,0,,
q00460,94,148,1,1,,
q00461,168,144,1,1,1,1
q00462,65,144,0,1,,
q00463,110,131,1,1,,
q00464,53,237,0,1,,
q00465,98,76,0,1,,
q00466,242,239,1,1,1,1
q00467,91,126,0,1,0,0
q00468,129,311,0,1,,
q00469,59,297,1,1,,
q00470,86,259,0,1,,
q00471,117,205,0,1,,
q00472,93,371,1,1,,
q00473,68,177,1,1,,
q00474,109,165,0,1,,
q00475,125,100,1,0,,
q00476,80,433,1,1,,
q00477,111,246,1,1,,
q00478,80,152,0,1,,
q00479,89,102,1,0,,
q00480,113,283,0,1,,
q00481,106,78,1,0,1,0
q00482,111,212,1,1,,
q00483,64,182,1,1,,
q00484,99,292,1,0,,
q00485,111,290,0,1,0,1
q00486,123,148,1,1,,
q00487,142,86,1,0,,
q00488,103,159,1,1,1,0
q00489,77,244,1,1,,
q00490,52,108,0,1,,
q00491,136,96,1,0,,
q00492,84,88,1,1,,
q00493,96,293,0,1,,
q00494,124,136,0,1,,
q00495,57,263,0,0,,
q00496,108,251,1,1,,
q00497,113,96,0,1,,
q00498,111,299,1,1,,
q00499,128,337,0,1,,
q00500,132,165,1,1,,
q00501,78,213,0,1,,
q00502,77,278,1,1,,
q00503,104,203,0,1,,
q00504,157,166,1,1,,
q00505,97,155,0,0,,
q00506,83,192,1,1,,
q00507,180,168,1,1,,
q00508,175,229,1,1,1,1
q00509,157,248,1,1,,
q00510,24,291,1,1,1,0
q00511,79,237,1,1,,
q00512,93,325,1,1,,
q00513,42,348,1,1,,
q00514,96,185,0,1,,
q00515,46,133,0,1,,
q00516,111,355,1,1,1,1
q00517,115,318,1,1,,
q00518,98,141,1,1,,
q00519,205,303,1,1,1,1
q00520,55,232,0,1,0,1
q00521,191,375,1,1,1,1
q00522,157,432,1,1,,
q00523,45,191,1,0,1,1
q00524,111,344,1,1,,
q00525,88,278,1,1,,
q00526,203,120,0,0,,
q00527,60,135,1,1,1,1
q00528,76,221,1,1,1,1
q00529,324,149,1,0,,
q00530,219,104,0,0,0,0
q00531,100,93,1,1,,
q00532,37,281,0,1,,
q00533,139,174,1,1,1,0
q00534,80,150,1,1,1,1
q00535,105,203,1,1,,
q00536,170,196,1,1,,
q00537,102,91,0,0,,
q00538,96,207,1,1,,
q00539,53,172,1,1,,
q00540,126,35,1,1,,
q00541,346,67,1,0,,
q00542,40,189,0,1,,
q00543,57,197,1,1,,
q00544,55,284,1,1,,
q00545,104,96,1,1,,
q00546,67,183,0,1,,
q00547,40,252,0,1,,
q00548,94,160,1,1,1,0
q00549,106,451,0,1,,
q00550,46,148,0,0,0,0
q00551,133,241,0,1,,
q00552,107,213,1,0,,
q00553,185,137,1,1,,
q00554,104,123,0,0,,
q00555,174,239,1,1,,
q00556,83,112,0,1,,
q00557,102,273,1,1,,
q00558,28,269,0,1,,
q00559,105,170,1,1,,
q00560,100,266,0,0,,
q00561,85,188,1,1,,
q00562,198,157,1,0,,
q00563,128,418,0,0,,
q00564,42,144,1,1,,
q00565,116,114,1,1,1,1
q00566,168,373,1,1,,
q00567,109,97,0,1,,
q00568,55,325,1,1,,
q00569,127,164,1,1,1,1
q00570,192,102,1,1,,
q00571,77,215,0,1,,
q00572,119,169,1,1,,
q00573,138,169,1,0,,
q00574,132,193,1,1,,
q00575,206,436,1,0,,
q00576,259,165,1,1,0,1
q00577,191,274,1,1,,
q00578,139,463,0,1,,
q00579,52,158,0,1,,
q00580,115,300,1,1,1,1
q00581,39,248,1,1,,
q00582,111,772,1,1,,
q00583,147,316,0,1,,
q00584,211,249,1,1,,
q00585,73,167,0,0,,
q00586,61,265,1,1,,
q00587,33,240,0,1,,
q00588,65,312,1,1,,
q00589,79,207,0,1,,
q00590,206,227,0,1,,
q00591,72,142,1,1,,
q00592,97,114,1,1,,
q00593,141,315,0,1,1,1
q00594,74,217,1,1,,
q00595,59,180,0,1,,
q00596,105,239,0,1,,
q00597,64,125,1,1,,
q00598,90,93,1,1,,
q00599,39,155,0,1,,
q00600,144,401,0,1,0,1
q00601,81,199,1,1,,
q00602,81,322,1,1,,
q00603,174,226,1,1,,
q00604,115,302,1,1,,
q00605,81,266,1,1,,
q00606,85,118,1,1,,
q00607,147,362,1,1,,
q00608,141,125,1,0,,
q00609,121,304,1,1,,
q00610,72,206,1,1,,
q00611,86,614,0,1,,
q00612,70,132,1,1,,
q00613,65,363,1,1,,
q00614,106,328,1,1,,
q00615,112,137,1,1,1,1
q00616,78,217,0,1,,
q00617,84,343,0,1,,
q00618,52,349,1,1,,
q00619,49,145,0,1,,
q00620,111,116,1,0,,
q00621,139,128,0,1,,
q00622,93,165,0,0,1,0
q00623,98,136,1,1,,
q00624,82,448,1,1,,
q00625,118,202,1,1,,
q00626,240,206,1,0,,
q00627,228,258,1,1,,
q00628,159,142,1,1,,
q00629,168,129,1,1,,
q00630,77,233,0,1,,
q00631,236,290,1,1,,
q00632,267,275,1,1,,
q00633,248,118,1,1,,
q00634,130,362,1,1,,
q00635,75,453,1,1,,
q00636,120,129,1,1,,
q00637,50,475,0,1,,
q00638,86,126,1,1,,
q00639,88,199,0,1,,
q00640,65,153,1,0,,
q00641,54,180,1,1,,
q00642,108,145,0,1,,
q00643,68,122,1,1,,
q00644,59,112,1,1,1,1
q00645,61,145,1,1,,
q00646,54,122,0,1,,
q00647,59,245,1,0,,
q00648,150,425,1,1,,
q00649,91,94,1,1,,
q00650,68,157,1,1,,
q00651,92,307,1,1,,
q00652,56,79,0,1,,
q00653,132,112,1,1,,
q00654,78,134,1,1,,
q00655,47,206,1,0,,
q00656,105,126,0,1,,
q00657,128,119,0,1,,
q00658,191,150,1,0,,
q00659,72,164,1,0,,
q00660,128,297,1,1,,
q00661,104,281,0,1,,
q00662,199,192,1,1,,
q00663,78,257,1,1,,
q00664,95,188,1,0,,
q00665,89,228,0,1,,
q00666,197,102,1,1,,
q00667,78,157,1,1,1,1
q00668,91,130,1,1,,
q00669,181,383,1,1,,
q00670,133,372,1,1,,
q00671,156,296,1,0,,
q00672,150,139,0,0,,
q00673,103,177,1,0,,
q00674,157,139,1,0,1,0
q00675,102,196,1,1,,
q00676,94,109,1,1,,
q00677,127,277,1,1,,
q00678,68,137,0,0,,
q00679,97,386,0,1,,
q00680,123,379,1,1,1,1
q00681,48,156,0,1,,
q00682,64,347,0,1,,
q00683,154,175,1,1,,
q00684,157,158,1,1,,
q00685,63,134,1,1,1,1
q00686,60,270,1,0,,
q00687,106,222,0,1,,
q00688,81,237,0,0,,
q00689,139,220,0,1,,
q00690,39,172,0,1,,
q00691,181,146,1,1,,
q00692,80,186,1,1,,
q00693,101,686,0,1,,
q00694,107,214,1,1,,
q00695,113,149,1,1,1,1
q00696,118,164,1,1,,
q00697,135,248,0,1,0,1
q00698,89,145,1,1,,
q00699,110,274,0,1,,
q00700,90,163,1,1,,
q00701,149,129,1,1,,
q00702,50,141,1,0,,
q00703,137,138,0,1,,
q00704,192,219,1,0,,
q00705,55,211,1,0,,
q00706,119,173,1,1,,
q00707,148,250,1,1,,
q00708,131,108,0,1,,
q00709,87,193,1,1,,
q00710,67,525,0,1,,
q00711,67,160,0,0,,
q00712,56,200,0,1,,
q00713,84,178,0,1,,
q00714,196,120,1,1,,
q00715,49,199,0,1,,
q00716,150,437,1,1,,
q00717,100,328,0,1,,
q00718,68,121,1,0,,
q00719,75,345,0,1,,
q00720,180,220,1,1,,
q00721,101,100,1,1,,
q00722,55,185,0,1,0,1
q00723,206,243,0,1,,
q00724,53,223,1,1,1,1
q00725,190,336,0,1,,
q00726,256,228,1,1,0,1
q00727,77,153,1,1,,
q00728,102,301,1,1,,
q00729,92,261,1,1,,
q00730,115,179,0,1,,
q00731,27,329,0,1,,
q00732,72,175,0,1,0,1
q00733,100,231,1,0,,
q00734,101,302,0,1,,
q00735,169,237,1,1,1,1
q00736,66,109,1,1,,
q00737,28,213,1,1,,
q00738,70,172,0,1,,
q00739,86,129,0,1,,
q00740,177,556,1,1,,
q00741,122,212,1,1,1,0
q00742,44,152,0,1,,
q00743,54,139,1,1,,
q00744,99,139,1,1,,
q00745,116,384,1,0,,
q00746,72,393,0,0,,
q00747,103,309,0,1,,
q00748,95,87,0,0,,
q00749,101,200,1,1,,
q00750,99,302,1,1,,
q00751,162,198,1,1,1,1
q00752,155,290,0,1,,
q00753,75,180,1,0,,
q00754,53,250,1,1,,
q00755,89,291,1,1,,
q00756,353,158,1,1,,
q00757,153,381,0,1,,
q00758,100,105,1,0,,
q00759,122,446,0,1,,
q00760,144,134,1,1,,
q00761,253,321,0,1,,
q00762,382,150,1,0,,
q00763,39,122,1,1,,
q00764,143,143,1,1,,
q00765,147,153,1,0,0,0
q00766,90,303,0,1,,
q00767,165,204,1,1,0,1
q00768,97,111,1,1,,
q00769,70,129,1,1,,
q00770,149,193,1,1,,
q00771,172,192,1,1,,
q00772,92,179,1,0,1,0
q00773,105,151,1,1,,
q00774,131,306,1,1,,
q00775,98,173,1,1,1,1
q00776,106,170,1,1,,
q00777,213,78,0,1,,
q00778,129,158,1,1,,
q00779,143,219,0,1,,
q00780,78,140,1,1,,
q00781,95,157,0,1,,
q00782,216,149,0,0,,
q00783,50,276,1,1,,
q00784,115,234,1,1,,
q00785,182,484,1,1,,
q00786,82,149,1,1,,
q00787,77,163,1,0,,
q00788,124,274,0,1,,
q00789,72,305,0,1,,
q00790,82,265,1,1,,
q00791,71,339,0,1,,
q00792,84,164,0,1,,
q00793,104,66,1,1,1,1
q00794,55,237,1,1,,
q00795,128,149,0,1,,
q00796,202,258,1,1,,
q00797,31,196,1,0,,
q00798,110,158,0,1,,
q00799,100,261,1,1,,
q00800,106,470,1,1,,
q00801,106,165,1,1,,
q00802,87,144,1,1,1,1
q00803,142,148,1,1,,
q00804,91,227,0,1,0,0
q00805,77,263,1,1,,
q00806,95,147,0,1,,
q00807,152,167,1,1,,
q00808,41,182,0,1,,
q00809,76,184,1,1,,
q00810,84,278,0,1,,
q00811,227,373,1,1,,
q00812,51,61,1,1,,
q00813,143,233,1,1,,
q00814,128,197,1,1,,
q00815,136,188,1,1,,
q00816,171,366,1,1,,
q00817,39,123,0,0,,
q00818,128,328,0,1,,
q00819,157,324,1,1,,
q00820,104,75,0,0,,
q00821,101,216,1,1,,
q00822,56,320,1,1,,
q00823,57,194,1,1,,
q00824,67,254,0,1,,
q00825,108,138,1,1,,
q00826,115,148,1,1,1,0
q00827,133,153,1,1,,
q00828,60,260,1,1,,
q00829,68,226,0,1,,
q00830,91,101,1,1,,
q00831,57,177,0,1,,
q00832,91,195,0,0,,
q00833,96,175,0,1,,
q00834,151,240,1,1,,
q00835,148,100,1,1,,
q00836,79,146,0,0,,
q00837,72,207,0,1,,
q00838,140,243,1,1,,
q00839,174,449,1,1,,
q00840,52,246,0,1,,
q00841,90,218,1,1,,
q00842,134,161,1,1,,
q00843,77,394,0,1,,
q00844,252,544,1,1,1,0
q00845,58,173,1,0,,
q00846,102,396,0,1,,
q00847,139,383,1,1,,
q00848,102,233,0,1,,
q00849,81,173,1,1,,
q00850,145,148,0,1,,
q00851,49,186,1,0,,
q00852,161,146,1,1,,
q00853,89,210,1,1,1,0
q00854,120,227,1,1,,
q00855,150,323,0,0,,
q00856,77,327,1,1,,
q00857,219,405,1,1,1,1
q00858,47,242,1,1,,
q00859,124,218,1,1,,
q00860,119,514,0,1,,
q00861,131,279,1,1,,
q00862,68,240,0,0,0,1
q00863,54,370,0,1,0,1
q00864,50,134,1,0,,
q00865,341,346,1,1,,
q00866,170,257,1,1,0,1
q00867,34,152,0,1,0,1
q00868,155,204,1,1,,
q00869,90,216,1,1,,
q00870,158,238,1,1,,
q00871,72,209,1,1,,
q00872,85,92,0,1,,
q00873,68,246,1,1,,
q00874,78,163,1,1,,
q00875,103,237,0,1,,
q00876,109,230,1,1,,
q00877,49,239,0,1,,
q00878,56,267,0,1,1,1
q00879,88,313,0,1,0,1
q00880,126,324,1,1,,
q00881,60,302,0,1,,
q00882,30,174,1,0,,
q00883,139,246,1,1,,
q00884,118,181,1,1,,
q00885,31,60,1,1,,
q00886,131,298,1,1,,
q00887,134,56,1,1,1,1
q00888,108,391,0,1,,
q00889,132,147,1,1,1,1
q00890,90,265,1,1,,
q00891,199,282,1,1,,
q00892,127,156,0,1,,
q00893,71,299,1,1,,
q00894,55,153,1,1,,
q00895,113,236,1,1,,
q00896,41,216,1,1,,
q00897,189,314,1,1,,
q00898,209,82,1,1,,
q00899,113,202,0,0,1,0
q00900,97,190,0,1,,
q00901,69,159,1,1,1,1
q00902,51,265,0,1,,
q00903,215,202,0,0,,
q00904,119,204,1,1,,
q00905,58,245,0,1,,
q00906,71,176,1,1,,
q00907,98,326,0,1,,
q00908,71,231,0,1,,
q00909,212,92,1,1,,
q00910,250,124,1,0,,
q00911,60,299,0,1,,
q00912,88,428,1,1,,
q00913,106,682,1,1,,
q00914,74,92,1,1,,
q00915,45,214,0,1,,
q00916,74,77,0,1,0,1
q00917,110,221,0,1,,
q00918,89,63,0,0,,
q00919,75,194,0,1,,
q00920,72,153,1,1,,
q00921,147,228,1,0,,
q00922,79,66,1,0,1,1
q00923,82,155,0,1,,
q00924,83,95,1,1,,
q00925,96,393,0,1,,
q00926,125,362,1,1,,
q00927,143,118,1,0,,
q00928,278,223,1,1,,
q00929,130,175,1,0,,
q00930,82,315,1,1,,
q00931,102,168,0,1,,
q00932,66,245,0,1,,
q00933,60,209,1,1,,
q00934,33,188,0,0,,
q00935,90,496,0,1,,
q00936,327,178,1,1,,
q00937,57,109,1,0,,
q00938,63,100,1,1,,
q00939,193,321,1,1,,
q00940,87,235,1,1,,
q00941,46,77,1,1,,
q00942,108,125,1,1,,
q00943,97,177,1,1,,
q00944,61,174,1,0,,
q00945,29,68,0,0,,
q00946,97,165,1,1,,
q00947,81,252,1,1,,
q00948,280,235,1,1,,
q00949,142,342,1,1,,
q00950,77,261,1,1,,
q00951,159,176,1,1,,
q00952,84,228,1,1,,
q00953,78,239,1,1,1,1
q00954,55,191,1,0,,
q00955,84,329,1,1,1,0
q00956,60,271,1,1,1,1
q00957,305,191,1,1,1,1
q00958,60,191,1,1,,
q00959,120,224,1,1,,
q00960,137,204,1,0,,
q00961,47,113,1,1,,
q00962,75,148,0,1,0,1
q00963,88,420,0,1,0,0
q00964,99,91,1,1,,
q00965,82,515,0,1,,
q00966,44,135,1,0,,
q00967,112,124,1,0,1,0
q00968,108,207,1,1,,
q00969,93,128,1,1,,
q00970,155,257,1,1,,
q00971,169,256,1,1,,
q00972,111,170,1,1,1,1
q00973,137,555,1,1,,
q00974,111,342,1,1,,
q00975,97,115,1,1,,
q00976,69,214,1,1,,
q00977,88,324,1,1,,
q00978,108,68,0,1,0,1
q00979,114,245,1,1,,
q00980,63,180,0,1,1,1
q00981,39,228,0,1,,
q00982,87,213,1,1,,
q00983,70,263,0,1,0,1
q00984,101,280,1,1,,
q00985,128,98,0,1,,
q00986,63,201,1,1,,
q00987,29,113,1,1,1,1
q00988,184,358,1,1,,
q00989,73,80,0,0,,
q00990,136,146,1,1,,
q00991,76,128,0,1,,
q00992,146,382,1,1,,
q00993,122,369,1,1,,
q00994,161,193,0,1,,
q00995,99,68,1,0,,
q00996,193,160,1,1,1,1
q00997,46,269,1,1,1,0
q00998,47,373,1,1,,
q00999,163,167,1,0,,
q01000,121,108,1,1,,
q01001,75,490,1,1,,
q01002,69,206,1,0,,
q01003,42,117,1,1,,
q01004,81,143,0,0,,
q01005,150,162,1,1,,
q01006,129,202,0,1,0,1
q01007,121,493,0,1,,
q01008,93,150,0,0,,
q01009,170,192,1,1,,
q01010,73,136,1,0,,
q01011,83,102,0,1,1,1
q01012,239,140,1,0,,
q01013,76,253,1,1,,
q01014,117,174,1,0,1,0
q01015,111,152,0,1,,
q01016,134,137,1,1,1,1
q01017,86,168,0,1,1,1
q01018,83,188,0,1,,
q01019,90,285,1,1,,
q01020,126,225,1,1,1,1
q01021,125,177,1,0,,
q01022,36,297,1,1,,
q01023,316,466,1,1,,
q01024,154,273,1,1,,
q01025,161,296,1,1,0,1
q01026,74,377,0,1,,
q01027,161,218,1,0,,
q01028,51,351,1,1,,
q01029,46,347,1,1,,
q01030,76,109,1,1,,
q01031,229,240,1,1,1,1
q01032,70,139,0,1,,
q01033,92,233,1,0,,
q01034,138,368,1,1,,
q01035,78,219,1,1,,
q01036,314,357,1,1,,
q01037,87,123,1,1,,
q01038,112,106,0,0,,
q01039,112,161,1,0,,
q01040,118,149,1,1,,
q01041,129,122,1,0,,
q01042,80,179,0,0,,
q01043,182,127,1,1,,
q01044,92,296,1,1,,
q01045,74,158,0,1,,
q01046,60,174,1,1,,
q01047,233,182,0,1,,
q01048,131,179,1,1,,
q01049,93,404,1,1,1,1
q01050,91,176,1,0,1,0
q01051,98,90,1,0,,
q01052,66,128,1,0,,
q01053,70,141,1,0,,
q01054,77,184,1,1,,
q01055,78,147,0,1,,
q01056,104,85,1,0,,
q01057,112,167,1,1,,
q01058,94,219,0,1,,
q01059,94,203,0,1,0,1
q01060,196,172,1,1,,
q01061,63,272,1,1,1,1
q01062,80,132,1,1,,
q01063,132,212,0,1,,
q01064,52,167,1,0,,
q01065,162,171,1,1,,
q01066,139,141,0,0,,
q01067,182,123,1,0,,
q01068,112,287,1,1,,
q01069,120,131,1,0,,
q01070,113,144,1,1,1,1
q01071,99,431,0,1,,
q01072,176,187,0,1,,
q01073,51,255,1,1,,
q01074,81,131,1,1,,
q01075,113,239,1,0,,
q01076,174,396,1,1,,
q01077,138,211,1,0,,
q01078,108,101,0,0,,
q01079,35,419,1,1,,
q01080,93,295,1,1,,
q01081,138,111,1,1,,
q01082,69,302,1,1,1,1
q01083,160,424,0,1,,
q01084,91,96,0,0,,
q01085,316,167,1,0,,
q01086,40,314,1,1,,
q01087,160,266,1,1,,
q01088,55,120,1,1,,
q01089,42,178,0,1,,
q01090,66,247,1,1,,
q01091,245,229,1,1,,
q01092,89,119,1,1,,
q01093,79,350,0,1,,
q01094,179,153,1,1,1,1
q01095,51,409,0,1,,
q01096,183,126,1,1,,
q01097,105,103,1,0,,
q01098,151,167,1,1,,
q01099,108,159,1,1,,
q01100,73,383,1,1,1,1
q01101,166,195,1,1,,
q01102,280,187,1,1,,
q01103,109,192,1,1,,
q01104,44,447,1,1,,
q01105,161,251,1,1,,
q01106,63,242,0,1,,
q01107,50,469,0,1,,
q01108,62,313,0,1,,
q01109,67,194,1,1,1,0
q01110,97,310,1,1,,
q01111,301,165,1,1,,
q01112,69,447,1,1,,
q01113,132,131,0,1,,
q01114,131,133,0,1,,
q01115,188,302,1,1,0,0
q01116,88,176,1,1,,
q01117,94,239,1,1,,
q01118,89,327,0,1,1,0
q01119,93,167,0,1,,
q01120,157,201,1,1,,
q01121,167,135,1,0,,
q01122,106,348,1,1,1,1
q01123,53,316,1,1,,
q01124,77,205,1,1,,
q01125,44,203,1,0,1,0
q01126,185,184,0,1,,
q01127,119,293,1,1,,
q01128,108,95,0,1,,
q01129,169,273,1,1,,
q01130,59,179,1,1,,
q01131,170,346,0,1,,
q01132,152,164,1,1,1,1
q01133,127,165,1,1,,
q01134,76,177,1,0,,
q01135,91,160,1,1,,
q01136,106,258,1,1,,
q01137,267,233,1,1,0,1
q01138,83,172,1,1,,
q01139,85,248,1,1,,
q01140,54,159,1,1,,
q01141,178,149,1,1,0,1
q01142,46,79,0,1,,
q01143,136,57,1,1,,
q01144,102,280,1,1,,
q01145,111,301,0,1,,
q01146,63,224,0,0,0,0
q01147,56,272,0,1,,
q01148,137,218,1,1,,
q01149,76,168,1,1,,
q01150,91,188,0,0,,
q01151,93,392,1,1,,
q01152,87,128,0,1,,
q01153,112,470,1,1,,
q01154,200,243,1,1,0,1
q01155,148,294,1,1,,
q01156,95,197,1,1,1,1
q01157,97,219,1,1,1,1
q01158,119,226,0,1,,
q01159,26,337,1,1,,
q01160,40,240,1,1,,
q01161,58,116,0,1,0,1
q01162,63,69,0,1,1,1
q01163,77,123,1,1,,
q01164,49,104,1,0,,
q01165,55,74,0,0,,
q01166,141,115,1,1,,
q01167,50,174,0,0,,
q01168,93,145,0,1,0,1
q01169,102,227,0,1,,
q01170,112,173,1,0,,
q01171,73,202,0,1,0,1
q01172,98,228,1,1,,
q01173,77,246,1,1,1,1
q01174,111,114,0,1,,
q01175,128,176,1,1,,
q01176,113,173,1,1,,
q01177,104,199,0,1,,
q01178,62,226,1,0,1,0
q01179,69,210,0,1,,
q01180,31,270,0,1,0,0
q01181,46,86,1,1,,
q01182,67,128,1,0,,
q01183,46,288,0,1,0,1
q01184,94,162,1,1,1,1
q01185,73,223,1,1,,
q01186,70,228,1,1,,
q01187,57,177,0,1,,
q01188,55,298,0,1,0,1
q01189,66,189,1,0,,
q01190,136,117,1,1,,
q01191,57,162,1,1,,
q01192,43,159,1,1,,
q01193,122,91,1,1,1,1
q01194,49,113,0,1,1,1
q01195,88,272,1,1,,
q01196,76,153,1,1,,
q01197,65,371,1,1,,
q01198,103,232,1,1,,
q01199,127,117,1,1,,
q01200,87,229,1,1,,
q01201,43,402,0,1,,
q01202,120,156,1,1,,
q01203,79,236,0,1,,
q01204,35,160,1,1,1,1
q01205,106,173,1,1,,
q01206,102,181,1,1,,
q01207,98,295,1,1,,
q01208,98,143,0,1,,
q01209,53,302,0,1,,
q01210,42,135,0,0,,
q01211,47,407,0,1,1,0
q01212,173,84,1,1,,
q01213,79,203,1,1,,
q01214,89,169,1,1,,
q01215,75,213,1,1,,
q01216,180,383,1,1,,
q01217,95,383,1,1,,
q01218,62,294,1,0,,
q01219,145,230,1,1,,
q01220,183,171,1,1,,
q01221,95,185,1,0,,
q01222,68,88,1,1,1,1
q01223,120,178,0,1,0,1
q01224,51,239,1,1,,
q01225,47,503,1,1,,
q01226,163,195,1,0,,
q01227,137,411,0,1,0,1
q01228,39,125,0,1,,
q01229,71,201,1,1,,
q01230,68,239,0,1,,
q01231,126,204,1,1,,
q01232,90,132,1,0,,
q01233,50,136,0,1,,
q01234,75,145,1,1,1,1
q01235,69,101,1,1,,
q01236,108,263,0,1,,
q01237,111,428,1,1,1,1
q01238,109,385,1,1,,
q01239,66,97,0,1,,
q01240,108,224,1,1,,
q01241,84,60,0,1,,
q01242,464,197,1,1,,
q01243,155,315,1,1,,
q01244,90,213,1,1,,
q01245,169,420,1,1,,
q01246,97,207,1,1,,
q01247,75,266,0,1,,
q01248,78,133,1,1,,
q01249,85,163,1,1,,
q01250,186,278,1,1,1,1
q01251,65,104,1,1,,
q01252,167,228,0,1,,
q01253,88,485,0,1,,
q01254,89,157,1,1,,
q01255,63,317,1,1,,
q01256,94,155,1,0,1,0
q01257,103,341,1,1,,
q01258,56,538,1,1,,
q01259,60,273,0,1,,
q01260,95,383,0,1,,
q01261,122,115,1,0,0,0
q01262,106,439,1,1,,
q01263,118,165,1,1,,
q01264,86,138,1,1,,
q01265,114,211,1,1,,
q01266,66,120,1,1,,
q01267,184,181,1,1,,
q01268,69,229,1,1,1,1
q01269,105,137,1,1,,
q01270,76,404,0,1,1,1
q01271,134,485,1,1,,
q01272,63,188,1,0,,
q01273,106,110,1,1,,
q01274,91,94,0,1,,
q01275,77,152,1,0,,
q01276,100,395,0,1,,
q01277,150,107,1,0,,
q01278,118,143,1,1,,
q01279,91,181,1,1,,
q01280,90,179,0,1,0,1
q01281,68,137,1,0,,
q01282,287,133,1,1,,
q01283,58,151,0,1,,
q01284,81,180,0,1,,
q01285,122,454,1,1,,
q01286,171,154,1,1,1,1
q01287,102,184,1,1,1,1
q01288,75,434,0,1,,
q01289,91,147,0,1,0,1
q01290,62,130,1,0,,
q01291,74,292,1,1,,
q01292,60,197,1,1,,
q01293,73,302,1,1,,
q01294,70,91,1,1,0,1
q01295,100,228,1,1,,
q01296,157,179,1,1,,
q01297,106,279,0,0,,
q01298,274,336,0,1,,
q01299,201,159,1,1,,
q01300,53,114,0,0,,
q01301,158,143,1,0,,
q01302,161,113,1,0,,
q01303,72,100,0,1,,
q01304,82,159,1,1,,
q01305,142,110,1,0,,
q01306,115,409,0,1,,
q01307,217,242,1,1,1,1
q01308,184,297,1,1,,
q01309,165,221,1,0,0,0
q01310,84,253,0,1,,
q01311,50,488,1,1,,
q01312,113,136,1,1,1,1
q01313,140,135,1,1,,
q01314,88,179,1,1,1,1
q01315,200,279,1,1,,
q01316,109,139,0,1,0,1
q01317,118,247,1,1,,
q01318,142,156,1,1,,
q01319,256,164,1,1,,
q01320,85,114,0,0,,
q01321,101,469,1,1,1,0
q01322,182,101,1,1,1,0
q01323,196,422,1,1,,
q01324,120,194,0,0,,
q01325,84,358,0,1,,
q01326,87,185,1,1,0,1
q01327,104,245,0,1,,
q01328,50,91,0,1,0,1
q01329,109,100,1,1,,
q01330,156,207,1,1,,
q01331,59,150,1,1,,
q01332,91,149,1,1,1,1
q01333,26,225,0,0,0,0
q01334,230,108,1,1,,
q01335,102,93,1,0,,
q01336,47,396,0,1,0,1
q01337,172,171,1,0,,
q01338,192,119,0,1,,
q01339,138,541,0,1,,
q01340,68,160,0,1,,
q01341,84,155,1,1,,
q01342,188,149,0,1,,
q01343,154,185,0,1,,
q01344,60,206,0,1,,
q01345,114,119,1,1,,
q01346,59,202,0,1,,
q01347,127,111,0,0,,
q01348,196,331,1,1,,
q01349,92,158,1,0,,
q01350,87,250,1,1,,
q01351,102,150,1,1,,
q01352,112,228,0,1,0,0
q01353,96,108,1,1,,
q01354,134,116,1,1,,
q01355,97,152,1,0,1,1
q01356,62,266,0,1,,
q01357,51,270,1,1,1,1
q01358,135,89,0,0,,
q01359,47,192,0,1,,
q01360,159,169,0,0,,
q01361,69,388,0,1,,
q01362,42,172,1,1,,
q01363,76,302,1,0,,
q01364,194,102,1,1,,
q01365,55,161,1,0,,
q01366,156,129,1,1,,
q01367,90,234,0,1,,
q01368,81,164,1,1,,
q01369,157,348,1,1,,
q01370,90,450,1,1,1,1
q01371,63,135,1,1,,
q01372,262,244,1,1,,
q01373,114,200,1,1,,
q01374,134,157,0,0,0,1
q01375,66,128,0,1,,
q01376,135,394,0,1,,
q01377,97,243,0,1,,
q01378,94,261,1,1,,
q01379,141,248,1,0,,
q01380,162,129,1,0,1,0
q01381,41,209,1,1,,
q01382,69,89,1,0,,
q01383,144,240,1,1,,
q01384,85,310,1,1,,
q01385,94,179,1,0,,
q01386,119,406,0,1,,
q01387,89,210,0,1,,
q01388,83,293,1,1,,
q01389,145,180,1,1,,
q01390,77,156,0,1,,
q01391,71,370,1,1,,
q01392,70,158,1,0,,
q01393,76,225,0,1,,
q01394,191,103,1,1,,
q01395,116,88,1,0,,
q01396,90,363,0,1,,
q01397,216,261,1,1,,
q01398,119,295,0,1,,
q01399,72,215,1,1,,
q01400,140,420,0,1,,
q01401,183,96,1,1,,
q01402,102,240,1,0,,
q01403,137,61,1,1,,
q01404,116,177,1,1,,
q01405,89,330,0,1,,
q01406,73,291,0,1,,
q01407,168,105,1,0,,
q01408,102,234,1,1,,
q01409,69,153,0,1,,
q01410,60,483,1,1,,
q01411,114,118,1,0,,
q01412,68,105,1,0,,
q01413,133,161,1,1,,
q01414,93,141,1,1,,
q01415,90,146,1,1,,
q01416,80,215,1,1,,
q01417,251,140,1,1,,
q01418,146,156,0,0,,
q01419,123,205,1,0,,
q01420,116,232,1,1,,
q01421,102,332,1,1,,
q01422,108,123,1,0,,
q01423,143,226,1,1,,
q01424,97,431,1,1,1,1
q01425,63,165,0,1,,
q01426,262,251,1,1,,
q01427,34,97,0,1,,
q01428,175,209,1,1,,
q01429,74,223,0,1,,
q01430,102,86,1,1,,
q01431,115,268,0,0,,
q01432,65,235,1,1,,
q01433,235,112,1,1,,
q01434,58,149,0,1,,
q01435,229,281,1,1,,
q01436,121,318,0,1,,
q01437,142,186,0,1,,
q01438,140,272,1,0,,
q01439,62,78,0,1,,
q01440,47,239,1,1,,
q01441,81,174,1,1,,
q01442,69,110,0,1,,
q01443,207,139,1,1,1,1
q01444,70,183,1,1,,
q01445,58,111,0,0,,
q01446,102,117,1,1,,
q01447,210,95,1,1,,
q01448,118,334,1,1,,
q01449,119,299,0,1,,
q01450,110,362,1,1,,
q01451,88,399,1,1,,
q01452,64,405,0,1,,
q01453,72,414,0,1,,
q01454,171,181,0,1,,
q01455,138,411,1,1,,
q01456,87,286,1,1,,
q01457,138,549,1,1,,
q01458,173,230,1,1,,
q01459,65,265,0,1,,
q01460,109,141,1,0,,
q01461,191,122,0,1,,
q01462,97,220,1,1,1,0
q01463,148,185,1,1,1,1
q01464,224,569,1,1,,
q01465,71,124,1,1,,
q01466,23,101,1,1,,
q01467,138,251,1,0,1,0
q01468,84,132,1,1,,
q01469,94,156,1,0,1,0
q01470,111,171,1,1,,
q01471,147,116,1,0,,
q01472,111,129,0,0,0,0
q01473,228,183,1,1,,
q01474,74,247,1,0,,
q01475,199,355,1,1,,
q01476,93,232,1,1,,
q01477,98,365,1,1,,
q01478,94,144,1,1,,
q01479,49,154,0,1,,
q01480,153,182,1,1,,
q01481,100,334,1,1,,
q01482,77,347,1,1,,
q01483,104,212,0,1,,
q01484,55,174,1,1,,
q01485,108,162,1,1,,
q01486,268,150,1,0,1,0
q01487,122,218,1,1,,
q01488,69,183,1,1,1,1
q01489,93,153,0,0,,
q01490,111,99,0,1,,
q01491,130,206,1,1,,
q01492,187,162,1,1,,
q01493,83,83,0,1,,
q01494,71,110,0,0,,
q01495,114,190,1,1,,
q01496,154,269,1,1,,
q01497,111,176,0,1,,
q01498,73,121,0,1,,
q01499,120,178,0,1,,
q01500,88,105,1,1,0,1
q01501,212,78,1,1,,
q01502,41,132,1,1,,
q01503,155,144,1,1,,
q01504,104,297,1,1,1,0
q01505,63,140,1,1,,
q01506,161,158,1,0,1,0
q01507,72,372,1,1,,
q01508,136,140,1,1,,
q01509,37,341,1,1,,
q01510,165,274,0,1,0,1
q01511,78,102,0,1,,
q01512,71,214,1,1,,
q01513,54,212,1,1,,
q01514,77,207,1,1,,
q01515,50,203,1,1,,
q01516,77,169,0,1,,
q01517,110,252,1,1,,
q01518,32,329,0,1,,
q01519,89,193,1,0,,
q01520,95,154,1,1,,
q01521,110,244,0,0,,
q01522,163,226,1,0,,
q01523,78,319,1,1,,
q01524,141,388,1,1,,
q01525,28,420,0,1,0,1
q01526,87,338,0,1,,
q01527,90,85,0,0,,
q01528,129,250,0,0,,
q01529,114,266,0,1,1,1
q01530,179,174,1,1,,
q01531,157,185,1,1,,
q01532,227,355,1,0,,
q01533,65,300,1,1,,
q01534,110,141,0,1,,
q01535,108,209,1,0,0,0
q01536,147,150,0,1,,
q01537,144,228,1,1,,
q01538,80,394,0,1,,
q01539,108,255,1,1,,
q01540,115,182,1,1,,
q01541,179,76,1,1,1,1
q01542,154,320,1,1,,
q01543,100,147,1,1,,
q01544,100,98,1,1,,
q01545,78,130,1,1,1,1
q01546,80,359,0,1,,
q01547,132,390,1,0,,
q01548,63,370,1,1,,
q01549,166,207,1,1,,
q01550,80,242,1,1,,
q01551,89,172,1,1,,
q01552,59,122,1,1,,
q01553,180,314,1,1,1,0
q01554,116,227,1,1,,
q01555,153,64,1,1,1,1
q01556,102,146,1,1,,
q01557,140,371,1,1,,
q01558,67,185,1,0,,
q01559,77,98,1,0,,
q01560,107,229,1,1,,
q01561,47,129,1,1,0,0
q01562,88,296,1,1,,
q01563,234,212,1,1,1,1
q01564,88,416,0,0,0,0
q01565,151,317,1,1,,
q01566,62,223,1,1,,
q01567,88,145,0,1,,
q01568,176,302,1,1,,
q01569,132,261,0,1,0,1
q01570,215,275,1,1,,
q01571,96,683,1,1,,
q01572,112,153,1,1,,
q01573,97,231,1,0,,
q01574,52,243,1,1,,
q01575,122,369,0,1,0,0
q01576,63,103,1,0,,
q01577,195,168,1,1,,
q01578,70,126,0,1,,
q01579,156,204,1,1,,
q01580,38,316,1,1,,
q01581,129,233,1,1,,
q01582,123,176,1,1,,
q01583,185,373,1,1,,
q01584,174,161,1,1,,
q01585,88,132,1,1,,
q01586,140,106,1,1,1,1
q01587,151,245,1,1,,
q01588,62,129,1,1,,
q01589,79,542,0,1,0,1
q01590,60,232,1,1,,
q01591,144,130,1,1,,
q01592,128,98,0,1,0,1
q01593,128,223,1,1,,
q01594,70,425,1,0,,
q01595,50,307,1,1,,
q01596,76,455,0,1,,
q01597,71,169,0,1,0,1
q01598,176,171,1,1,,
q01599,80,180,1,1,1,1
q01600,120,179,0,1,,
q01601,95,169,1,1,,
q01602,56,215,1,1,,
q01603,92,228,1,1,1,0
q01604,114,241,1,1,,
q01605,66,400,1,1,,
q01606,100,188,1,0,,
q01607,133,83,1,1,0,1
q01608,60,284,0,1,,
q01609,219,376,1,1,,
q01610,82,500,0,1,,
q01611,130,349,0,1,,
q01612,50,147,1,0,,
q01613,44,91,1,0,,
q01614,75,288,1,1,,
q01615,132,231,1,1,,
q01616,91,905,1,1,,
q01617,102,84,1,1,,
q01618,74,350,1,1,1,1
q01619,76,152,1,1,,
q01620,93,192,0,1,,
q01621,103,119,1,1,1,1
q01622,180,264,1,1,,
q01623,101,332,0,1,,
q01624,87,493,1,0,1,0
q01625,105,341,0,1,,
q01626,133,148,1,1,,
q01627,110,233,0,1,1,0
q01628,93,294,1,1,,
q01629,108,444,1,1,1,1
q01630,125,582,1,1,,
q01631,208,270,1,0,,
q01632,263,146,0,1,,
q01633,64,160,0,1,,
q01634,112,281,1,1,,
q01635,82,177,0,1,,
q01636,116,230,1,1,,
q01637,120,306,1,1,,
q01638,142,237,1,1,1,1
q01639,75,155,0,1,,
q01640,109,489,0,1,,
q01641,67,121,1,0,,
q01642,140,129,1,1,,
q01643,181,122,1,0,,
q01644,174,155,1,0,,
q01645,88,165,0,1,0,1
q01646,69,202,0,1,0,0
q01647,88,213,1,0,,
q01648,76,188,1,1,,
q01649,233,256,0,1,0,1
q01650,120,255,0,1,,
q01651,63,186,1,0,,
q01652,73,295,1,1,,
q01653,52,159,0,1,1,1
q01654,135,167,0,0,,
q01655,147,279,1,1,,
q01656,139,140,1,0,1,0
q01657,174,154,0,1,,
q01658,161,390,1,1,,
q01659,89,231,1,1,,
q01660,101,225,0,1,,
q01661,195,324,1,1,,
q01662,244,269,0,1,,
q01663,137,413,1,1,,
q01664,78,299,1,1,,
q01665,69,133,1,0,,
q01666,156,192,1,1,,
q01667,55,172,0,1,,
q01668,122,263,1,1,,
q01669,64,281,1,1,,
q01670,139,333,0,1,,
q01671,105,174,0,1,0,1
q01672,108,246,0,1,,
q01673,56,290,0,1,,
q01674,162,308,1,1,,
q01675,111,364,1,1,,
q01676,55,182,1,1,,
q01677,115,99,0,1,,
q01678,66,150,0,1,,
q01679,116,140,1,1,,
q01680,164,255,1,1,,
q01681,210,206,1,1,,
q01682,74,211,1,1,1,0
q01683,167,214,1,1,,
q01684,73,294,1,1,,
q01685,43,239,0,1,,
q01686,219,237,1,1,,
q01687,90,119,1,1,,
q01688,75,145,0,0,,
q01689,110,232,0,1,,
q01690,43,172,0,1,,
q01691,76,196,1,0,,
q01692,56,214,0,1,,
q01693,89,157,0,1,,
q01694,51,143,1,1,,
q01695,99,942,1,1,,
q01696,133,136,1,1,,
q01697,68,148,0,1,0,1
q01698,79,325,1,1,,
q01699,113,219,1,1,,
q01700,114,156,0,0,,
q01701,99,193,1,1,,
q01702,129,144,0,0,,
q01703,147,86,1,1,,
q01704,107,343,1,1,,
q01705,121,178,0,1,,
q01706,82,105,0,0,,
q01707,67,93,1,1,1,1
q01708,148,244,1,1,,
q01709,46,243,0,1,,
q01710,77,71,1,1,1,1
q01711,68,323,0,1,,
q01712,138,235,1,0,,
q01713,56,259,1,1,,
q01714,74,154,1,1,,
q01715,133,227,1,0,,
q01716,107,238,1,1,,
q01717,80,692,0,1,,
q01718,125,138,0,0,,
q01719,42,167,1,0,,
q01720,146,248,0,1,0,1
q01721,59,519,0,1,,
q01722,73,203,0,1,,
q01723,177,85,0,1,,
q01724,118,203,1,1,,
q01725,90,197,1,1,0,1
q01726,65,166,1,1,,
q01727,101,215,1,0,,
q01728,142,328,0,1,,
q01729,83,224,1,1,1,1
q01730,102,179,0,1,,
q01731,46,125,1,1,,
q01732,150,151,0,1,,
q01733,72,170,0,1,,
q01734,103,168,0,1,,
q01735,98,105,1,1,,
q01736,114,168,1,1,,
q01737,188,193,1,1,,
q01738,87,288,1,1,0,1
q01739,83,335,0,1,,
q01740,195,114,1,1,,
q01741,241,679,1,1,,
q01742,169,114,1,0,,
q01743,84,98,1,1,,
q01744,78,369,0,1,,
q01745,58,133,1,1,1,1
q01746,96,179,1,1,,
q01747,159,159,1,1,,
q01748,46,104,1,1,,
q01749,173,205,1,1,,
q01750,81,347,1,1,,
q01751,75,142,1,0,,
q01752,127,145,1,1,,
q01753,143,139,1,1,,
q01754,178,110,1,0,,
q01755,84,204,0,1,,
q01756,73,244,1,1,,
q01757,57,409,0,1,,
q01758,216,125,1,1,,
q01759,66,188,1,1,,
q01760,215,197,1,1,,
q01761,156,262,1,1,0,0
q01762,51,142,1,1,,
q01763,100,367,1,1,,
q01764,134,211,1,1,,
q01765,187,273,0,1,,
q01766,36,211,1,0,,
q01767,58,316,1,1,1,0
q01768,237,317,1,1,,
q01769,40,164,0,0,,
q01770,78,165,1,1,,
q01771,144,140,0,1,0,1
q01772,178,153,1,0,0,0
q01773,157,342,1,1,,
q01774,69,277,0,1,,
q01775,139,573,1,1,,
q01776,96,383,1,1,,
q01777,50,242,0,1,0,0
q01778,204,412,1,1,,
q01779,62,154,1,1,,
q01780,101,150,0,1,,
q01781,33,273,0,1,,
q01782,96,203,1,1,,
q01783,43,221,1,1,1,1
q01784,97,115,0,0,,
q01785,46,82,1,1,,
q01786,85,293,1,1,,
q01787,152,208,0,1,,
q01788,135,483,0,1,,
q01789,60,430,0,1,,
q01790,96,180,1,1,,
q01791,141,147,0,1,0,1
q01792,65,256,0,0,,
q01793,106,300,1,1,,
q01794,96,138,1,1,1,1
q01795,53,79,0,0,,
q01796,203,102,0,1,,
q01797,76,190,1,1,,
q01798,98,156,0,0,,
q01799,63,551,1,1,,
q01800,62,184,1,0,,
q01801,86,232,0,0,,
q01802,87,189,1,1,,
q01803,72,173,1,1,1,1
q01804,195,150,0,1,0,1
q01805,108,175,0,0,,
q01806,88,131,0,1,,
q01807,147,234,1,1,,
q01808,122,111,1,0,,
q01809,135,328,1,1,,
q01810,85,341,1,1,,
q01811,132,458,1,1,,
q01812,65,461,1,1,,
q01813,142,208,1,1,,
q01814,163,453,1,1,,
q01815,45,178,1,1,,
q01816,59,234,1,1,,
q01817,55,127,0,1,,
q01818,102,96,1,0,,
q01819,110,273,1,1,,
q01820,98,261,1,1,,
q01821,82,197,0,1,,
q01822,103,284,1,1,1,0
q01823,94,322,1,1,,
q01824,50,203,1,1,,
q01825,56,253,1,1,0,1
q01826,70,85,1,1,,
q01827,40,226,1,1,1,1
q01828,150,253,0,1,0,1
q01829,217,457,1,1,,
q01830,106,253,0,0,,
q01831,119,190,1,1,,
q01832,73,170,0,1,,
q01833,61,162,1,1,,
q01834,70,121,1,1,,
q01835,242,136,0,1,,
q01836,117,326,1,0,,
q01837,101,104,0,1,,
q01838,155,166,1,1,,
q01839,47,250,1,1,,
q01840,56,234,1,1,,
q01841,70,203,0,1,,
q01842,154,237,1,1,,
q01843,64,97,0,1,0,1
q01844,111,732,0,1,,
q01845,45,216,1,1,,
q01846,50,463,0,1,,
q01847,59,117,0,1,,
q01848,165,514,1,1,,
q01849,143,285,0,1,,
q01850,42,128,1,1,1,1
q01851,79,303,1,0,,
q01852,88,316,0,1,,
q01853,87,178,1,0,1,1
q01854,56,232,0,1,1,1
q01855,111,213,0,1,,
q01856,23,217,0,1,,
q01857,170,226,1,1,,
q01858,63,266,0,1,,
q01859,76,212,0,1,,
q01860,62,115,0,1,,
q01861,110,333,0,1,0,1
q01862,76,159,1,0,,
q01863,82,194,1,1,,
q01864,165,184,1,0,,
q01865,86,157,1,1,,
q01866,96,181,1,1,,
q01867,85,322,1,1,,
q01868,97,627,1,1,1,1
q01869,115,445,1,1,,
q01870,88,199,1,1,,
q01871,97,286,1,1,,
q01872,139,288,1,1,,
q01873,145,387,1,1,,
q01874,117,168,1,0,,
q01875,92,292,0,1,,
q01876,105,57,0,0,1,0
q01877,99,255,0,1,,
q01878,128,190,0,1,,
q01879,157,288,1,1,,
q01880,80,210,1,1,,
q01881,78,275,0,1,0,0
q01882,106,166,0,0,,
q01883,209,284,1,1,,
q01884,114,167,1,1,,
q01885,140,260,1,1,,
q01886,163,108,1,0,,
q01887,104,239,1,1,,
q01888,151,214,0,1,,
q01889,135,470,1,1,,
q01890,64,256,1,1,,
q01891,118,269,0,1,0,1
q01892,84,82,1,1,,
q01893,115,85,1,1,,
q01894,173,120,1,1,,
q01895,101,84,0,1,,
q01896,70,269,1,1,,
q01897,145,211,0,0,,
q01898,61,131,1,1,,
q01899,195,267,1,1,,
q01900,190,384,1,1,,
q01901,186,219,1,1,,
q01902,87,160,1,1,,
q01903,123,553,1,1,,
q01904,80,194,1,1,,
q01905,108,123,1,0,,
q01906,137,292,0,0,0,0
q01907,57,173,1,1,,
q01908,69,187,0,1,,
q01909,95,180,1,0,,
q01910,129,146,1,1,,
q01911,175,294,1,1,,
q01912,105,180,1,0,1,0
q01913,72,131,0,1,,
q01914,100,140,1,1,,
q01915,129,232,0,1,0,0
q01916,61,313,1,1,1,1
q01917,72,96,1,1,,
q01918,110,185,1,1,,
q01919,105,193,0,1,,
q01920,131,167,0,1,,
q01921,164,265,1,1,,
q01922,94,116,1,1,1,1
q01923,90,121,0,1,,
q01924,99,123,1,0,,
q01925,105,102,0,1,1,1
q01926,100,324,1,1,,
q01927,151,210,1,1,,
q01928,43,250,0,0,,
q01929,73,253,1,1,,
q01930,64,140,1,0,,
q01931,83,104,1,1,,
q01932,135,238,1,1,0,1
q01933,106,462,1,1,1,0
q01934,89,285,0,1,,
q01935,133,201,1,0,,
q01936,93,159,0,1,,
q01937,67,160,1,1,,
q01938,115,125,1,1,,
q01939,160,204,1,1,,
q01940,275,243,1,1,,
q01941,72,127,0,1,,
q01942,68,197,0,0,,
q01943,57,122,1,1,,
q01944,79,316,0,1,0,1
q01945,71,182,0,0,0,1
q01946,94,274,0,1,,
q01947,73,127,0,1,,
q01948,77,165,1,1,,
q01949,89,664,1,1,,
q01950,105,434,1,1,,
q01951,82,201,1,1,,
q01952,20,155,0,1,,
q01953,84,150,0,1,0,1
q01954,158,219,0,0,,
q01955,155,181,1,1,1,1
q01956,118,177,1,0,,
q01957,156,148,1,1,0,0
q01958,87,165,0,1,1,1
q01959,46,292,0,1,,
q01960,95,162,0,1,,
q01961,86,186,1,1,,
q01962,117,91,1,0,,
q01963,53,115,1,1,0,0
q01964,126,159,1,1,1,1
q01965,68,158,0,1,,
q01966,61,160,1,1,,
q01967,69,292,0,1,,
q01968,158,178,1,1,,
q01969,101,397,0,1,,
q01970,81,285,1,1,,
q01971,80,323,1,1,,
q01972,85,105,1,1,,
q01973,112,176,1,1,,
q01974,118,345,0,1,0,1
q01975,190,205,1,1,,
q01976,135,149,1,1,,
q01977,94,86,0,1,,
q01978,243,154,1,0,,
q01979,102,118,0,0,0,0
q01980,103,222,0,1,,
q01981,64,313,0,1,,
q01982,90,140,1,1,,
q01983,49,198,1,1,,
q01984,95,293,0,1,,
q01985,108,111,0,1,0,1
q01986,64,531,1,1,,
q01987,277,152,1,0,,
q01988,92,218,0,1,,
q01989,62,336,1,1,,
q01990,175,212,1,1,,
q01991,124,349,0,1,,
q01992,81,406,0,1,,
q01993,119,287,1,1,,
q01994,123,199,1,1,,
q01995,65,268,1,1,,
q01996,142,163,1,1,1,1
q01997,110,138,1,1,,
q01998,80,143,1,0,,
q01999,115,455,0,0,,
q02000,89,199,1,1,,
q02001,165,261,1,1,,
q02002,87,335,1,1,,
q02003,64,89,1,1,1,0
q02004,53,288,1,1,,
q02005,125,160,1,1,1,1
q02006,172,286,1,1,,
q02007,178,92,1,1,1,1
q02008,123,319,0,1,,
q02009,64,56,1,0,,
q02010,138,150,1,1,0,1
q02011,180,347,1,1,,
q02012,68,289,0,1,,
q02013,64,240,1,1,,
q02014,105,58,1,1,,
q02015,186,121,1,1,,
q02016,118,58,1,1,,
q02017,131,316,1,1,,
q02018,121,305,0,1,0,1
q02019,100,348,1,1,,
q02020,155,474,1,1,,
q02021,211,239,1,1,,
q02022,76,210,0,1,,
q02023,53,129,0,1,,
q02024,68,91,0,0,0,1
q02025,102,308,1,1,,
q02026,117,102,0,1,,
q02027,80,109,0,1,,
q02028,81,205,1,0,,
q02029,173,122,1,1,,
q02030,118,117,0,1,,
q02031,79,97,0,1,,
q02032,56,306,0,1,,
q02033,59,111,1,1,,
q02034,69,110,1,0,,
q02035,89,205,1,0,,
q02036,95,160,1,1,,
q02037,88,374,1,1,1,1
q02038,56,226,1,1,1,0
q02039,75,357,1,1,1,0
q02040,96,423,0,1,,
q02041,47,269,0,1,,
q02042,75,183,1,1,,
q02043,121,134,0,1,0,0
q02044,101,191,1,1,,
q02045,161,89,1,1,,
q02046,80,242,0,1,,
q02047,137,319,1,1,,
q02048,145,168,0,1,,
q02049,67,204,1,1,,
q02050,117,159,0,1,,
q02051,64,319,0,1,,
q02052,217,187,1,1,0,1
q02053,101,251,0,1,,
q02054,92,136,1,1,,
q02055,131,226,1,1,,
q02056,64,146,1,1,,
q02057,81,127,1,1,,
q02058,77,224,0,0,,
q02059,48,207,1,1,,
q02060,79,297,1,1,1,1
q02061,75,126,1,1,,
q02062,210,301,0,1,,
q02063,280,167,0,1,,
q02064,67,355,0,1,,
q02065,75,213,1,1,,
q02066,58,127,0,1,,
q02067,265,97,1,0,,
q02068,76,469,1,1,,
q02069,114,661,1,1,1,1
q02070,125,132,1,1,,
q02071,108,225,0,1,,
q02072,159,124,0,1,,
q02073,125,554,1,1,,
q02074,58,176,0,0,,
q02075,96,211,1,1,,
q02076,36,111,1,1,,
q02077,114,229,1,0,,
q02078,47,99,1,1,,
q02079,90,214,0,1,0,1
q02080,184,119,1,1,,
q02081,103,65,0,1,,
q02082,67,48,1,1,,
q02083,147,124,1,1,1,1
q02084,152,155,0,1,,
q02085,101,671,1,1,,
q02086,102,150,1,1,,
q02087,73,222,1,1,,
q02088,108,253,1,1,,
q02089,44,105,0,1,0,1
q02090,89,180,0,0,,
q02091,151,190,0,1,,
q02092,128,194,1,1,1,1
q02093,90,389,0,1,0,0
q02094,207,155,1,1,,
q02095,180,293,1,1,,
q02096,76,144,1,1,,
q02097,104,148,1,1,,
q02098,194,400,1,1,,
q02099,87,117,1,1,,
q02100,184,128,0,1,,
q02101,72,275,0,1,,
q02102,98,241,0,1,,
q02103,58,266,0,1,,
q02104,107,125,0,0,,
q02105,88,157,1,1,1,1
q02106,109,188,1,1,,
q02107,104,295,1,1,,
q02108,59,413,1,1,1,1
q02109,116,249,0,1,,
q02110,68,129,0,1,,
q02111,129,235,1,1,,
q02112,117,124,1,1,,
q02113,129,311,1,1,,
q02114,101,252,0,1,,
q02115,93,307,0,1,,
q02116,58,226,1,1,,
q02117,56,227,0,1,,
q02118,59,229,1,1,,
q02119,106,186,1,1,,
q02120,76,290,1,1,,
q02121,74,214,1,1,,
q02122,92,352,1,1,,
q02123,129,198,1,1,1,1
q02124,58,322,1,1,1,0
q02125,119,198,1,1,,
q02126,68,201,1,1,,
q02127,75,165,0,1,,
q02128,60,273,1,1,,
q02129,123,325,0,1,,
q02130,81,163,1,1,,
q02131,60,213,1,1,,
q02132,76,121,0,1,,
q02133,191,92,1,1,,
q02134,49,266,1,1,,
q02135,58,231,0,1,,
q02136,104,214,1,1,,
q02137,47,153,1,1,1,1
q02138,117,219,0,0,,
q02139,88,165,0,1,,
q02140,91,177,1,1,,
q02141,94,328,1,1,,
q02142,64,150,1,1,,
q02143,178,158,1,1,,
q02144,77,190,0,1,,
q02145,61,143,0,1,,
q02146,56,93,1,0,,
q02147,138,230,1,1,1,1
q02148,77,194,0,1,,
q02149,157,304,0,1,,
q02150,48,184,1,1,,
q02151,66,278,1,1,,
q02152,128,180,0,1,,
q02153,90,144,1,1,,
q02154,159,108,1,1,,
q02155,114,198,1,1,,
q02156,154,368,1,1,,
q02157,152,103,0,1,,
q02158,103,316,1,1,1,1
q02159,53,193,0,1,,
q02160,207,252,1,1,,
q02161,81,172,0,1,,
q02162,80,118,0,1,,
q02163,133,97,0,1,,
q02164,66,310,1,1,,
q02165,36,129,0,0,,
q02166,64,202,1,1,,
q02167,278,251,1,1,1,1
q02168,119,304,1,1,,
q02169,92,279,1,1,,
q02170,89,333,0,1,0,1
q02171,34,171,0,1,,
q02172,71,248,0,1,,
q02173,100,135,1,0,,
q02174,80,249,0,0,,
q02175,162,160,1,1,,
q02176,82,119,1,0,,
q02177,60,490,0,1,,
q02178,75,94,1,1,,
q02179,94,160,0,1,,
q02180,98,168,1,1,,
q02181,98,279,1,1,,
q02182,82,332,0,1,,
q02183,118,62,1,0,,
q02184,121,221,1,0,,
q02185,39,155,0,1,,
q02186,137,174,1,0,,
q02187,236,98,1,1,1,1
q02188,47,136,1,1,,
q02189,64,316,1,1,,
q02190,93,100,0,0,,
q02191,78,346,0,1,,
q02192,65,120,0,1,,
q02193,149,336,1,1,,
q02194,132,207,0,1,,
q02195,128,223,1,1,,
q02196,107,90,1,0,,
q02197,62,192,0,1,,
q02198,78,234,1,1,1,1
q02199,72,343,1,1,,
q02200,60,330,1,1,,
q02201,41,252,0,1,,
q02202,105,160,1,1,1,1
q02203,80,206,0,0,0,0
q02204,74,565,0,1,,
q02205,65,135,0,1,,
q02206,69,143,0,1,,
q02207,108,293,1,1,,
q02208,111,209,1,1,,
q02209,68,151,0,1,,
q02210,31,268,1,1,,
q02211,139,284,1,1,,
q02212,57,130,0,1,,
q02213,277,346,1,1,,
q02214,54,431,0,1,,
q02215,42,166,1,1,,
q02216,110,382,0,1,,
q02217,108,290,1,1,,
q02218,89,228,1,1,,
q02219,108,171,0,1,,
q02220,118,134,0,1,,
q02221,30,267,1,0,,
q02222,104,263,1,1,,
q02223,147,183,1,1,,
q02224,99,163,0,1,,
q02225,165,222,1,1,,
q02226,67,172,1,1,,
q02227,98,141,1,1,,
q02228,101,622,1,1,,
q02229,104,206,0,1,,
q02230,73,201,1,1,,
q02231,290,346,1,1,,
q02232,29,104,1,1,,
q02233,200,263,0,1,,
q02234,72,256,0,1,,
q02235,105,283,0,0,,
q02236,96,153,1,1,,
q02237,77,354,1,1,,
q02238,68,192,1,1,1,1
q02239,109,318,0,1,,
q02240,72,393,1,1,,
q02241,139,128,1,1,1,1
q02242,173,150,1,1,,
q02243,160,225,1,0,,
q02244,51,130,0,1,,
q02245,99,216,1,1,,
q02246,198,285,1,1,,
q02247,139,234,1,0,,
q02248,127,302,1,1,,
q02249,72,172,1,1,,
q02250,161,333,0,1,,
q02251,74,127,1,0,,
q02252,121,249,1,1,1,1
q02253,119,88,1,1,,
q02254,146,84,1,0,,
q02255,90,367,1,1,,
q02256,122,85,0,1,,
q02257,88,109,0,1,0,1
q02258,80,105,0,1,,
q02259,128,289,1,1,,
q02260,143,125,1,0,,
q02261,202,177,1,1,,
q02262,172,194,1,1,,
q02263,171,323,0,1,0,1
q02264,74,279,1,1,,
q02265,105,189,1,1,,
q02266,73,256,0,1,,
q02267,111,278,0,1,,
q02268,87,114,0,1,,
q02269,111,163,1,1,,
q02270,48,127,1,1,,
q02271,62,527,0,1,,
q02272,74,374,0,1,1,1
q02273,99,334,0,1,,
q02274,62,200,0,1,,
q02275,131,99,1,1,0,1
q02276,83,212,1,1,,
q02277,61,178,1,1,,
q02278,197,301,0,1,,
q02279,109,103,1,1,1,1
q02280,135,230,0,1,,
q02281,138,134,1,1,,
q02282,107,167,0,1,,
q02283,106,197,1,1,,
q02284,146,171,1,1,,
q02285,53,362,0,1,0,1
q02286,85,355,0,1,,
q02287,118,81,1,1,,
q02288,328,181,1,1,,
q02289,189,414,0,1,,
q02290,68,270,1,0,,
q02291,184,88,1,0,,
q02292,123,186,1,1,,
q02293,202,95,1,1,,
q02294,174,271,1,1,,
q02295,59,204,0,1,,
q02296,123,291,1,1,,
q02297,65,192,1,1,,
q02298,126,202,0,0,,
q02299,141,100,0,1,,
q02300,68,191,1,1,,
q02301,76,86,1,1,,
q02302,121,354,1,1,,
q02303,98,256,1,1,,
q02304,104,141,1,1,,
q02305,125,382,1,1,,
q02306,48,185,0,1,,
q02307,161,466,1,1,,
q02308,82,143,1,1,1,0
q02309,68,144,1,1,1,1
q02310,69,163,0,1,,
q02311,69,219,0,1,0,1
q02312,107,104,0,0,,
q02313,203,464,0,1,,
q02314,76,187,1,1,1,1
q02315,165,224,1,1,,
q02316,51,239,0,1,0,1
q02317,105,145,1,1,,
q02318,95,276,1,1,,
q02319,96,180,0,1,,
q02320,56,143,1,1,,
q02321,145,114,1,1,,
q02322,128,183,0,0,,
q02323,83,430,0,0,,
q02324,84,236,1,1,,
q02325,109,297,1,1,,
q02326,163,119,1,1,,
q02327,60,335,1,1,,
q02328,100,99,1,1,1,1
q02329,91,197,1,1,,
q02330,51,116,0,1,,
q02331,111,109,0,0,,
q02332,106,255,0,1,,
q02333,150,214,1,0,,
q02334,53,225,1,1,,
q02335,68,178,0,1,,
q02336,96,133,0,0,0,0
q02337,109,150,0,1,,
q02338,28,182,1,1,,
q02339,65,248,1,1,,
q02340,121,236,1,1,,
q02341,94,423,0,1,,
q02342,118,531,0,1,,
q02343,61,100,1,0,,
q02344,65,282,0,1,,
q02345,73,351,0,1,1,0
q02346,110,122,1,1,,
q02347,151,367,1,1,,
q02348,82,359,1,1,,
q02349,86,132,0,0,0,0
q02350,263,226,1,0,,
q02351,125,123,1,0,,
q02352,172,313,0,1,,
q02353,110,207,1,1,,
q02354,75,199,0,0,,
q02355,187,206,1,1,,
q02356,111,163,0,1,,
q02357,187,152,0,0,,
q02358,67,133,0,0,0,0
q02359,67,158,1,1,0,1
q02360,118,114,1,1,,
q02361,161,93,0,1,,
q02362,93,156,0,1,,
q02363,78,271,1,1,,
q02364,156,177,0,0,,
q02365,76,199,0,0,,
q02366,92,86,1,1,,
q02367,191,174,1,1,,
q02368,97,341,1,1,,
q02369,104,239,0,1,,
q02370,46,297,0,1,,
q02371,80,171,1,1,,
q02372,193,256,1,1,,
q02373,169,244,0,0,,
q02374,79,113,0,1,,
q02375,90,182,0,1,,
q02376,117,297,0,1,,
q02377,132,408,1,1,,
q02378,54,455,1,1,,
q02379,107,158,0,1,,
q02380,110,184,0,1,,
q02381,112,345,1,1,1,1
q02382,151,148,1,1,,
q02383,62,91,0,0,,
q02384,94,159,0,0,,
q02385,144,151,1,1,,
q02386,82,139,1,1,,
q02387,59,207,1,1,0,1
q02388,47,157,0,1,,
q02389,80,101,1,1,,
q02390,180,271,1,1,,
q02391,136,188,1,1,,
q02392,50,386,1,1,,
q02393,209,332,1,1,,
q02394,146,390,1,1,,
q02395,119,205,1,1,,
q02396,150,224,0,1,,
q02397,132,176,1,0,,
q02398,120,302,1,1,1,0
q02399,84,247,0,1,,
q02400,142,164,1,0,,
q02401,87,136,1,1,,
q02402,109,80,0,0,,
q02403,127,129,1,1,,
q02404,128,354,1,1,,
q02405,186,251,1,1,,
q02406,107,140,1,1,1,1
q02407,83,136,0,0,,
q02408,46,255,0,1,,
q02409,60,483,1,1,,
q02410,66,374,0,1,,
q02411,88,255,0,1,,
q02412,137,278,1,1,,
q02413,62,149,1,1,,
q02414,144,136,1,1,,
q02415,63,176,0,0,,
q02416,96,134,1,1,,
q02417,125,231,1,1,,
q02418,54,202,1,1,,
q02419,38,500,0,1,,
q02420,154,108,1,0,,
q02421,64,204,1,1,,
q02422,146,117,1,1,,
q02423,58,126,0,1,,
q02424,90,191,1,1,,
q02425,99,71,1,0,,
q02426,80,181,1,1,,
q02427,79,232,1,1,,
q02428,130,159,1,0,1,0
q02429,121,73,0,0,,
q02430,240,95,0,1,0,1
q02431,101,153,1,1,,
q02432,75,128,0,1,,
q02433,160,361,1,1,,
q02434,165,100,0,1,,
q02435,110,292,0,1,,
q02436,111,570,0,1,,
q02437,79,189,1,1,,
q02438,115,443,0,1,,
q02439,55,80,0,1,,
q02440,32,187,1,1,,
q02441,106,280,1,1,,
q02442,97,142,1,1,1,1
q02443,145,296,0,1,,
q02444,148,208,1,1,1,0
q02445,49,96,1,1,,
q02446,121,194,0,1,,
q02447,83,304,1,1,,
q02448,94,166,1,1,,
q02449,85,356,1,1,,
q02450,104,158,1,1,0,0
q02451,201,220,0,1,,
q02452,184,173,1,0,,
q02453,75,220,0,1,,
q02454,114,225,0,1,,
q02455,94,237,1,1,,
q02456,96,112,1,1,,
q02457,145,272,1,1,,
q02458,137,86,1,1,,
q02459,49,747,1,1,,
q02460,89,173,0,1,,
q02461,187,151,1,1,,
q02462,121,141,1,1,,
q02463,71,169,1,1,,
q02464,49,146,1,1,,
q02465,192,419,1,1,,
q02466,88,639,1,0,,
q02467,139,124,0,0,,
q02468,100,362,1,1,,
q02469,181,190,1,1,,
q02470,126,160,1,1,,
q02471,60,161,0,1,,
q02472,105,141,1,1,1,1
q02473,93,146,0,1,,
q02474,171,310,1,1,,
q02475,170,173,1,1,,
q02476,94,187,0,1,0,1
q02477,189,131,0,1,,
q02478,170,113,0,1,,
q02479,131,359,1,1,,
q02480,96,251,1,1,,
q02481,139,378,1,1,,
q02482,111,111,0,0,,
q02483,89,205,1,1,,
q02484,63,162,1,1,,
q02485,86,233,1,1,1,1
q02486,169,325,1,1,1,1
q02487,93,429,1,1,,
q02488,44,197,0,1,,
q02489,63,284,1,1,,
q02490,76,273,0,1,,
q02491,109,223,1,0,1,0
q02492,60,226,1,1,,
q02493,180,475,1,1,,
q02494,118,160,1,0,1,0
q02495,77,71,1,0,,
q02496,74,119,0,0,,
q02497,83,259,0,1,,
q02498,117,222,0,1,,
q02499,97,261,1,1,1,1
q02500,117,99,0,1,,
q02501,165,97,1,1,,
q02502,75,176,0,0,,
q02503,68,218,0,0,,
q02504,44,171,1,1,,
q02505,87,196,1,1,,
q02506,152,234,1,0,,
q02507,196,206,1,1,,
q02508,112,300,1,1,,
q02509,143,172,1,1,1,1
q02510,57,288,1,1,,
q02511,41,153,1,1,,
q02512,97,311,0,1,,
q02513,64,159,1,1,,
q02514,154,90,0,0,,
q02515,97,102,0,1,,
q02516,76,540,1,1,,
q02517,96,307,1,1,1,0
q02518,101,162,1,1,,
q02519,113,304,1,1,,
q02520,115,197,0,1,,
q02521,62,381,0,1,,
q02522,63,389,1,1,,
q02523,134,89,0,1,,
q02524,58,237,1,1,,
q02525,87,182,1,1,,
q02526,118,538,0,1,,
q02527,134,89,1,1,,
q02528,56,189,1,0,,
q02529,79,377,1,1,,
q02530,86,146,0,1,,
q02531,47,199,1,1,,
q02532,160,254,0,1,0,0
q02533,206,242,0,1,,
q02534,137,309,1,1,,
q02535,33,125,0,1,,
q02536,115,248,1,1,,
q02537,60,176,0,0,,
q02538,119,320,1,1,,
q02539,93,251,1,1,,
q02540,158,272,1,1,,
q02541,79,399,0,1,0,0
q02542,41,131,1,1,,
q02543,146,273,1,1,1,0
q02544,88,123,1,1,,
q02545,83,156,1,1,,
q02546,185,419,1,1,1,1
q02547,106,199,1,1,,
q02548,198,200,1,1,,
q02549,73,75,1,1,,
q02550,77,410,1,0,,
q02551,52,331,1,1,,
q02552,93,396,1,1,,
q02553,99,216,1,1,,
q02554,121,321,0,1,,
q02555,98,189,0,1,,
q02556,107,163,1,1,,
q02557,96,133,1,0,,
q02558,151,152,1,1,1,1
q02559,59,254,0,1,,
q02560,109,109,0,0,0,0
q02561,110,162,1,1,,
q02562,70,56,1,1,0,1
q02563,190,253,1,1,,
q02564,42,529,1,1,0,1
q02565,128,187,0,1,,
q02566,103,223,0,0,,
q02567,171,153,0,1,,
q02568,121,200,1,1,,
q02569,125,256,1,1,,
q02570,81,305,0,1,,
q02571,145,376,1,1,,
q02572,62,376,1,1,,
q02573,108,170,0,1,,
q02574,97,259,1,1,,
q02575,99,159,1,1,,
q02576,236,289,0,1,0,1
q02577,142,85,1,1,,
q02578,67,369,1,1,,
q02579,151,328,1,1,,
q02580,56,155,1,1,0,1
q02581,53,326,1,1,,
q02582,203,85,1,1,,
q02583,62,201,1,1,,
q02584,95,186,0,1,,
q02585,97,237,1,1,,
q02586,105,217,1,1,,
q02587,112,305,1,1,,
q02588,79,92,0,1,,
q02589,150,222,1,1,,
q02590,40,599,0,1,,
q02591,115,304,1,1,,
q02592,126,198,1,1,,
q02593,78,142,1,1,,
q02594,128,183,1,1,,
q02595,108,127,1,1,,
q02596,88,257,1,1,,
q02597,65,250,1,1,,
q02598,121,239,1,1,,
q02599,147,94,1,1,,
q02600,106,98,0,1,,
q02601,177,165,1,1,,
q02602,181,137,0,1,,
q02603,110,179,1,0,,
q02604,134,151,1,1,,
q02605,68,254,1,1,,
q02606,57,113,0,0,,
q02607,80,200,1,1,,
q02608,36,419,1,1,,
q02609,88,235,0,1,0,0
q02610,334,426,1,1,,
q02611,73,143,1,1,,
q02612,126,157,1,1,,
q02613,96,323,0,1,,
q02614,69,245,0,1,,
q02615,77,194,1,1,,
q02616,125,269,1,1,,
q02617,34,136,1,1,,
q02618,73,219,0,1,,
q02619,134,164,1,1,,
q02620,100,84,1,1,,
q02621,73,141,1,1,,
q02622,99,194,1,1,,
q02623,94,153,1,1,,
q02624,100,206,1,1,,
q02625,114,131,0,1,0,1
q02626,165,171,0,0,0,0
q02627,143,344,1,1,,
q02628,53,136,1,1,,
q02629,111,175,1,1,,
q02630,151,215,1,1,,
q02631,157,305,1,1,,
q02632,110,158,0,1,,
q02633,65,116,1,1,,
q02634,297,357,1,1,,
q02635,78,151,0,1,,
q02636,50,285,1,1,,
q02637,72,235,1,0,,
q02638,129,105,1,1,,
q02639,79,325,1,1,,
q02640,133,297,0,1,,
q02641,198,394,1,1,,
q02642,141,214,1,1,0,1
q02643,64,173,0,0,,
q02644,92,337,0,1,,
q02645,117,174,1,1,,
q02646,82,108,1,1,,
q02647,118,191,0,1,,
q02648,105,194,0,1,0,1
q02649,111,79,1,1,,
q02650,126,148,1,1,,
q02651,108,367,1,1,,
q02652,139,335,1,1,,
q02653,96,240,1,1,,
q02654,56,122,0,1,,
q02655,135,94,1,1,,
q02656,68,357,0,1,1,1
q02657,79,224,1,1,,
q02658,141,373,1,1,,
q02659,99,124,1,1,,
q02660,115,206,1,1,1,1
q02661,129,124,0,1,,
q02662,54,193,1,1,,
q02663,55,319,1,1,,
q02664,69,316,0,1,1,1
q02665,85,107,1,1,,
q02666,139,221,1,1,,
q02667,32,136,1,1,1,1
q02668,65,402,1,1,,
q02669,72,106,0,0,,
q02670,100,109,1,0,,
q02671,108,324,1,1,,
q02672,99,300,1,1,,
q02673,118,106,1,1,1,1
q02674,102,522,0,1,,
q02675,110,349,0,0,0,0
q02676,65,255,1,1,,
q02677,208,184,1,1,,
q02678,88,143,0,1,,
q02679,102,357,1,1,,
q02680,88,256,1,1,,
q02681,98,199,1,1,,
q02682,95,165,1,1,,
q02683,63,377,1,1,1,1
q02684,58,420,1,1,,
q02685,69,226,1,1,,
q02686,68,256,1,1,,
q02687,43,192,0,1,,
q02688,131,100,1,1,1,1
q02689,71,180,0,1,,
q02690,112,273,1,1,,
q02691,108,189,1,1,,
q02692,67,328,0,1,,
q02693,87,180,1,1,,
q02694,92,163,1,1,,
q02695,80,123,1,1,,
q02696,120,374,0,1,,
q02697,87,135,0,0,,
q02698,43,432,0,1,0,1
q02699,76,419,1,1,,
q02700,69,363,1,1,1,1
q02701,47,257,0,1,1,0
q02702,87,133,1,1,,
q02703,190,132,1,1,,
q02704,256,284,1,1,,
q02705,81,86,1,0,,
q02706,58,128,1,0,,
q02707,109,128,1,1,,
q02708,58,232,0,1,,
q02709,87,239,1,1,,
q02710,85,187,1,0,,
q02711,204,510,1,1,,
q02712,150,105,1,1,,
q02713,89,260,1,1,,
q02714,58,122,1,1,,
q02715,103,141,1,0,,
q02716,148,228,1,1,,
q02717,118,135,1,1,,
q02718,206,223,0,0,0,0
q02719,144,142,1,0,,
q02720,76,370,0,1,,
q02721,44,293,1,1,,
q02722,136,133,1,0,,
q02723,175,394,1,1,1,1
q02724,41,132,0,1,0,1
q02725,143,227,1,1,,
q02726,83,168,1,0,1,0
q02727,108,92,1,0,0,0
q02728,110,408,1,1,,
q02729,84,92,1,1,,
q02730,78,254,0,1,,
q02731,142,145,1,0,1,1
q02732,55,194,1,1,,
q02733,139,263,1,1,,
q02734,139,181,0,1,0,1
q02735,214,308,1,1,,
q02736,76,242,0,1,,
q02737,107,94,1,1,,
q02738,130,126,1,1,1,1
q02739,156,179,1,1,,
q02740,167,398,1,0,,
q02741,118,249,0,1,,
q02742,65,231,0,1,,
q02743,162,127,1,1,,
q02744,70,354,1,0,,
q02745,110,428,1,1,,
q02746,77,268,1,1,,
q02747,78,304,1,1,,
q02748,98,157,1,1,,
q02749,48,176,1,0,,
q02750,89,89,1,1,,
q02751,57,130,0,1,,
q02752,93,110,0,1,,
q02753,87,157,1,1,,
q02754,64,224,1,0,,
q02755,107,173,1,0,,
q02756,97,136,0,1,,
q02757,160,313,0,1,,
q02758,69,323,0,1,,
q02759,68,116,0,1,,
q02760,185,196,1,1,,
q02761,142,645,0,1,0,0
q02762,63,248,1,1,,
q02763,118,229,1,0,,
q02764,154,111,1,1,,
q02765,33,206,1,1,,
q02766,155,448,1,1,,
q02767,89,157,1,1,,
q02768,50,100,0,1,,
q02769,118,273,1,1,,
q02770,93,348,1,1,,
q02771,56,234,1,1,,
q02772,74,186,0,0,,
q02773,220,231,1,1,,
q02774,42,102,1,0,,
q02775,107,167,1,1,,
q02776,102,191,1,1,,
q02777,112,114,1,1,,
q02778,47,394,1,1,,
q02779,68,124,0,1,,
q02780,155,176,1,1,1,1
q02781,81,165,1,1,,
q02782,103,268,1,1,,
q02783,146,187,1,1,,
q02784,237,338,1,1,,
q02785,135,82,1,0,,
q02786,59,136,0,0,,
q02787,149,194,0,1,,
q02788,104,201,1,1,,
q02789,214,124,0,1,0,1
q02790,103,259,1,1,,
q02791,112,162,0,0,,
q02792,64,148,1,1,,
q02793,106,177,1,1,,
q02794,48,104,1,1,,
q02795,50,161,1,0,,
q02796,43,290,1,1,,
q02797,35,503,1,1,,
q02798,167,106,0,1,,
q02799,124,292,1,1,,
q02800,103,187,0,1,,
q02801,76,189,0,0,0,1
q02802,126,117,1,1,,
q02803,72,171,0,1,,
q02804,117,130,1,1,,
q02805,194,181,1,1,,
q02806,97,91,1,0,,
q02807,183,266,1,1,,
q02808,134,186,1,1,1,1
q02809,81,164,0,0,0,0
q02810,93,185,1,0,,
q02811,97,340,0,1,,
q02812,90,208,0,1,,
q02813,126,488,1,1,,
q02814,75,287,1,1,,
q02815,79,371,0,1,,
q02816,177,201,1,1,,
q02817,74,149,1,1,0,1
q02818,214,253,1,1,,
q02819,145,352,1,1,,
q02820,131,98,1,1,1,1
q02821,44,154,0,0,,
q02822,86,201,1,1,,
q02823,49,443,0,1,,
q02824,80,581,0,1,,
q02825,216,277,1,1,,
q02826,249,194,1,1,,
q02827,100,200,1,1,,
q02828,92,132,1,1,1,1
q02829,110,189,1,1,,
q02830,129,108,0,0,,
q02831,66,232,0,1,,
q02832,182,288,1,1,,
q02833,133,273,1,1,,
q02834,40,161,0,1,,
q02835,135,270,0,1,1,1
q02836,34,311,0,1,,
q02837,86,263,0,1,0,0
q02838,91,256,0,1,,
q02839,70,179,0,1,,
q02840,138,297,1,1,,
q02841,104,178,1,1,,
q02842,64,187,1,0,,
q02843,89,108,1,0,,
q02844,150,130,0,1,1,1
q02845,96,200,1,1,,
q02846,45,203,1,1,1,0
q02847,54,177,1,1,,
q02848,74,189,1,1,,
q02849,64,220,0,1,0,0
q02850,145,297,1,1,1,1
q02851,124,239,1,1,,
q02852,174,136,0,0,,
q02853,68,116,1,1,,
q02854,131,121,0,0,,
q02855,155,186,1,1,,
q02856,77,217,1,1,,
q02857,44,146,0,1,,
q02858,50,335,1,1,,
q02859,112,259,0,1,,
q02860,171,144,0,1,,
q02861,130,151,1,1,,
q02862,128,189,0,1,,
q02863,112,331,0,1,0,1
q02864,33,160,0,1,,
q02865,151,319,0,1,0,1
q02866,109,284,1,1,1,1
q02867,92,248,0,1,,
q02868,104,201,1,1,,
q02869,99,109,1,1,0,1
q02870,139,310,1,1,,
q02871,154,148,0,0,,
q02872,91,130,1,0,,
q02873,106,156,1,1,,
q02874,118,212,1,1,,
q02875,91,143,1,1,,
q02876,228,322,1,1,,
q02877,69,451,1,1,,
q02878,156,164,1,1,,
q02879,241,289,1,1,,
q02880,67,84,0,1,,
q02881,88,80,0,1,,
q02882,88,190,1,1,,
q02883,83,176,0,1,,
q02884,126,268,1,1,,
q02885,58,181,1,0,,
q02886,135,146,0,1,,
q02887,267,374,1,1,0,1
q02888,87,433,1,1,,
q02889,201,334,1,1,,
q02890,109,215,0,1,,
q02891,54,133,1,1,,
q02892,88,297,1,1,,
q02893,144,531,0,1,,
q02894,160,194,1,1,,
q02895,77,229,1,1,,
q02896,193,233,1,0,,
q02897,115,245,0,1,0,1
q02898,57,114,0,1,,
q02899,111,118,0,1,0,1
q02900,47,87,1,1,1,1
q02901,103,145,0,1,,
q02902,42,274,0,1,,
q02903,61,216,0,1,0,1
q02904,114,241,1,1,,
q02905,91,153,1,1,,
q02906,101,81,1,1,,
q02907,164,241,1,1,,
q02908,154,412,1,1,,
q02909,103,201,1,0,,
q02910,52,87,1,1,,
q02911,41,348,1,1,,
q02912,102,389,1,1,,
q02913,85,183,1,1,,
q02914,103,212,0,1,0,1
q02915,43,1016,0,1,,
q02916,246,274,1,0,,
q02917,98,254,0,1,0,1
q02918,111,349,0,1,,
q02919,104,129,1,1,,
q02920,88,200,1,1,,
q02921,130,148,1,1,1,0
q02922,110,245,1,0,,
q02923,138,198,1,1,,
q02924,106,195,0,1,1,1
q02925,167,151,0,1,0,1
q02926,64,239,0,1,0,0
q02927,393,107,1,0,,
q02928,67,281,1,1,,
q02929,125,125,1,1,,
q02930,131,232,1,1,,
q02931,60,137,1,1,,
q02932,185,123,1,1,,
q02933,108,252,1,1,,
q02934,61,257,0,1,1,1
q02935,113,184,1,1,,
q02936,104,153,1,1,,
q02937,110,138,1,0,,
q02938,155,219,1,1,,
q02939,67,147,0,1,,
q02940,97,123,0,1,,
q02941,153,235,1,1,,
q02942,61,229,0,1,,
q02943,203,239,1,1,,
q02944,139,168,0,0,,
q02945,125,292,0,1,,
q02946,243,119,1,1,1,1
q02947,116,70,1,0,,
q02948,52,185,1,1,,
q02949,61,163,1,1,,
q02950,138,129,1,1,,
q02951,90,94,1,1,,
q02952,183,563,1,1,0,0
q02953,68,366,1,1,,
q02954,62,266,1,1,,
q02955,121,289,0,1,,
q02956,36,245,1,1,,
q02957,148,121,1,1,,
q02958,91,136,0,1,,
q02959,31,177,0,1,,
q02960,147,485,0,0,0,0
q02961,74,137,0,1,,
q02962,84,117,1,1,1,1
q02963,68,198,1,0,1,0
q02964,108,254,0,0,0,0
q02965,86,192,1,0,,
q02966,147,150,1,1,,
q02967,53,156,1,1,1,1
q02968,130,209,0,1,,
q02969,96,202,1,1,1,1
q02970,34,173,0,1,,
q02971,86,234,1,1,,
q02972,140,166,1,0,1,0
q02973,48,159,0,0,,
q02974,74,210,1,1,,
q02975,88,284,1,1,,
q02976,92,161,1,1,,
q02977,96,82,0,0,,
q02978,65,248,1,1,,
q02979,152,230,0,1,,
q02980,105,231,1,1,,
q02981,101,236,0,1,,
q02982,116,230,1,1,,
q02983,45,332,0,1,,
q02984,158,140,1,1,,
q02985,72,303,0,1,,
q02986,106,397,1,1,,
q02987,87,230,1,1,1,1
q02988,92,256,1,1,,
q02989,89,363,0,1,,
q02990,96,121,1,1,,
q02991,97,611,0,1,0,1
q02992,131,177,1,1,,
q02993,66,326,0,1,,
q02994,107,85,1,1,,
q02995,118,157,0,0,,
q02996,93,148,0,1,,
q02997,211,369,1,1,1,1
q02998,121,204,1,1,,
q02999,65,217,1,1,,
q03000,92,169,0,1,,
q03001,69,168,1,1,,
q03002,94,101,1,1,,
q03003,146,167,1,1,,
q03004,64,327,0,1,,
q03005,157,320,0,1,,
q03006,39,158,0,1,0,1
q03007,79,347,0,1,,
q03008,293,216,1,0,,
q03009,65,93,0,1,,
q03010,75,430,1,0,,
q03011,67,200,0,1,,
q03012,127,50,0,1,,
q03013,29,191,0,1,,
q03014,91,106,0,0,,
q03015,88,203,0,1,,
q03016,99,138,1,0,,
q03017,100,147,0,1,,
q03018,296,141,1,1,,
q03019,67,395,1,1,0,1
q03020,87,335,0,0,,
q03021,73,184,0,1,,
q03022,101,183,1,1,,
q03023,65,183,1,1,,
q03024,81,145,0,1,,
q03025,88,91,1,1,,
q03026,53,135,0,1,,
q03027,76,200,1,0,,
q03028,187,194,0,1,,
q03029,80,155,1,1,,
q03030,186,239,1,1,,
q03031,39,371,1,1,,
q03032,144,190,1,1,,
q03033,88,151,1,1,,
q03034,180,235,1,0,,
q03035,137,216,1,1,,
q03036,67,311,1,1,,
q03037,116,186,0,1,,
q03038,76,231,1,0,1,0
q03039,84,81,1,1,,
q03040,102,171,1,1,,
q03041,105,146,1,1,1,0
q03042,92,258,1,1,,
q03043,91,119,1,0,1,0
q03044,146,319,1,1,,
q03045,78,275,0,1,,
q03046,63,196,1,1,,
q03047,130,86,1,1,,
q03048,107,217,1,1,,
q03049,115,124,1,1,1,1
q03050,79,83,1,1,,
q03051,142,151,1,1,,
q03052,235,171,0,1,,
q03053,57,102,1,1,1,1
q03054,191,155,1,1,,
q03055,88,266,1,1,,
q03056,66,209,1,1,,
q03057,140,295,0,1,,
q03058,80,167,0,1,,
q03059,129,148,1,1,,
q03060,111,115,1,0,,
q03061,142,147,1,0,1,0
q03062,140,65,1,1,,
q03063,150,518,0,1,,
q03064,145,180,1,1,,
q03065,114,199,1,1,,
q03066,162,235,0,1,,
q03067,167,252,1,1,,
q03068,259,172,1,1,,
q03069,63,240,1,0,,
q03070,59,133,1,1,,
q03071,81,115,1,1,,
q03072,220,174,1,1,,
q03073,119,107,1,1,,
q03074,35,201,1,0,1,0
q03075,99,247,1,0,,
q03076,107,178,0,1,,
q03077,102,220,1,1,,
q03078,133,205,1,1,,
q03079,171,198,1,1,,
q03080,103,263,0,1,,
q03081,64,316,0,1,,
q03082,77,397,0,1,,
q03083,106,190,1,1,,
q03084,80,280,1,1,,
q03085,117,113,0,1,,
q03086,111,236,0,1,,
q03087,100,246,0,1,,
q03088,46,176,0,0,,
q03089,112,435,0,1,,
q03090,158,173,1,1,1,1
q03091,114,138,0,1,,
q03092,74,102,1,1,,
q03093,189,229,1,1,,
q03094,178,433,1,1,,
q03095,97,247,1,1,,
q03096,238,246,1,0,,
q03097,191,192,1,1,,
q03098,180,351,1,1,,
q03099,91,107,1,0,,
q03100,47,131,0,1,,
q03101,135,136,1,0,,
q03102,162,195,0,0,,
q03103,116,289,1,1,,
q03104,125,278,1,1,,
q03105,70,171,0,1,,
q03106,116,289,1,1,,
q03107,62,93,1,1,,
q03108,94,159,1,0,,
q03109,71,253,0,1,0,1
q03110,118,253,1,1,,
q03111,87,203,0,1,,
q03112,110,146,1,1,,
q03113,129,254,1,1,,
q03114,80,546,0,1,,
q03115,63,583,1,1,,
q03116,71,99,0,1,0,1
q03117,50,277,1,1,,
q03118,88,87,1,1,,
q03119,143,293,0,1,,
q03120,139,165,1,1,1,1
q03121,95,235,0,1,,
q03122,28,159,1,1,,
q03123,103,113,1,0,,
q03124,163,354,0,1,,
q03125,33,128,1,1,,
q03126,57,137,0,1,,
q03127,65,113,0,1,,
q03128,60,216,1,1,,
q03129,91,321,0,1,,
q03130,102,209,1,1,,
q03131,90,222,1,0,1,0
q03132,100,154,1,0,,
q03133,134,196,1,1,,
q03134,88,248,0,1,,
q03135,105,319,1,1,,
q03136,94,234,1,1,1,1
q03137,116,444,0,1,,
q03138,152,350,1,1,,
q03139,74,155,1,1,,
q03140,117,302,1,1,,
q03141,97,143,1,1,,
q03142,85,275,1,1,,
q03143,45,174,0,1,,
q03144,205,295,1,1,,
q03145,99,293,1,1,,
q03146,64,244,0,1,,
q03147,98,154,1,1,,
q03148,96,295,1,1,,
q03149,104,171,0,0,,
q03150,136,328,1,1,1,1
q03151,91,320,0,1,,
q03152,120,224,1,1,,
q03153,70,180,1,1,,
q03154,120,322,1,1,,
q03155,73,107,1,1,,
q03156,112,177,1,0,,
q03157,153,96,1,0,1,0
q03158,71,277,1,1,0,1
q03159,80,206,1,1,1,1
q03160,65,256,0,1,,
q03161,129,180,1,1,,
q03162,91,201,1,1,,
q03163,134,142,1,1,,
q03164,123,145,1,1,,
q03165,68,203,1,1,,
q03166,57,132,1,1,,
q03167,78,132,0,0,,
q03168,118,155,1,1,,
q03169,149,245,0,1,,
q03170,120,521,1,1,,
q03171,116,419,0,1,0,1
q03172,104,149,0,1,,
q03173,112,318,1,1,,
q03174,133,107,1,0,,
q03175,116,195,1,1,,
q03176,64,263,1,1,,
q03177,139,210,1,1,,
q03178,69,408,0,1,,
q03179,207,360,0,1,0,0
q03180,135,226,1,1,,
q03181,103,118,1,1,,
q03182,71,156,1,1,,
q03183,166,147,1,1,1,1
q03184,110,219,1,1,,
q03185,132,150,1,0,,
q03186,121,163,1,1,,
q03187,63,131,0,1,,
q03188,160,193,1,1,,
q03189,142,232,1,1,,
q03190,207,284,1,1,,
q03191,143,505,1,1,,
q03192,175,376,0,1,,
q03193,71,259,1,1,,
q03194,95,205,1,1,,
q03195,141,129,1,1,,
q03196,100,180,1,1,,
q03197,42,151,1,1,,
q03198,128,268,1,1,,
q03199,88,166,1,1,,
q03200,64,212,1,1,,
q03201,93,263,0,1,,
q03202,80,231,0,1,,
q03203,101,382,1,1,,
q03204,65,315,0,1,,
q03205,64,436,1,1,,
q03206,58,171,0,0,,
q03207,120,250,1,1,,
q03208,184,137,1,1,,
q03209,237,96,1,0,,
q03210,141,128,0,1,,
q03211,149,288,1,1,,
q03212,61,224,1,1,,
q03213,62,297,0,1,,
q03214,89,185,0,1,,
q03215,88,230,0,0,,
q03216,132,200,0,1,,
q03217,85,241,1,1,1,1
q03218,93,201,1,1,,
q03219,161,236,1,1,,
q03220,161,137,1,1,,
q03221,381,194,1,1,,
q03222,120,255,1,0,,
q03223,158,93,1,1,,
q03224,63,235,1,1,1,1
q03225,82,153,1,1,,
q03226,99,369,1,1,,
q03227,66,193,1,1,,
q03228,82,94,0,1,,
q03229,76,186,1,0,,
q03230,137,267,1,1,,
q03231,129,146,1,1,0,1
q03232,194,167,1,0,,
q03233,146,163,1,1,,
q03234,149,343,1,1,1,1
q03235,145,86,1,0,,
q03236,164,90,0,0,0,0
q03237,174,102,1,1,,
q03238,45,233,1,1,,
q03239,122,100,0,1,,
q03240,59,173,0,1,,
q03241,56,303,1,1,,
q03242,64,109,1,1,1,0
q03243,140,233,0,1,,
q03244,115,202,1,1,,
q03245,182,191,1,1,,
q03246,228,156,1,1,,
q03247,90,90,1,1,,
q03248,63,578,0,1,,
q03249,125,148,0,1,,
q03250,74,233,1,0,,
q03251,68,143,0,0,,
q03252,80,160,0,0,,
q03253,182,221,1,1,,
q03254,32,163,0,1,,
q03255,137,155,1,1,,
q03256,126,187,1,0,,
q03257,97,126,1,1,,
q03258,104,123,1,1,,
q03259,46,159,1,0,,
q03260,150,264,1,1,,
q03261,151,152,0,1,,
q03262,46,188,0,1,,
q03263,128,73,1,1,,
q03264,197,464,1,1,1,1
q03265,173,281,0,1,,
q03266,138,150,1,1,,
q03267,121,150,1,1,,
q03268,80,197,0,1,,
q03269,92,216,1,1,,
q03270,151,329,0,1,,
q03271,200,305,1,1,1,1
q03272,141,135,1,1,,
q03273,100,150,1,1,,
q03274,99,111,0,1,,
q03275,75,204,0,1,0,1
q03276,161,305,1,1,,
q03277,124,388,1,1,,
q03278,105,233,1,1,,
q03279,182,434,1,1,,
q03280,112,454,0,1,,
q03281,140,349,1,1,,
q03282,279,292,1,1,,
q03283,78,162,1,0,,
q03284,75,78,1,1,1,1
q03285,70,268,1,1,1,1
q03286,61,145,1,0,,
q03287,41,236,0,1,0,1
q03288,92,467,1,1,,
q03289,62,222,0,1,0,1
q03290,160,195,1,1,1,1
q03291,91,175,1,1,,
q03292,61,354,1,1,,
q03293,70,191,1,0,,
q03294,90,184,1,1,,
q03295,97,179,1,1,,
q03296,51,203,0,1,,
q03297,121,269,0,1,,
q03298,114,152,1,1,,
q03299,67,143,1,1,,
q03300,57,137,1,1,,
q03301,143,245,1,1,,
q03302,169,121,1,0,,
q03303,99,158,0,1,,
q03304,122,164,1,1,,
q03305,53,193,0,1,,
q03306,77,145,0,1,,
q03307,78,250,0,1,,
q03308,121,143,1,1,,
q03309,47,107,0,1,,
q03310,127,186,0,1,,
q03311,41,541,0,1,,
q03312,72,298,1,1,,
q03313,71,276,0,1,,
q03314,89,508,1,1,,
q03315,44,228,1,1,,
q03316,121,325,1,0,,
q03317,96,158,0,1,,
q03318,98,178,0,0,,
q03319,126,318,0,1,,
q03320,85,454,0,1,0,1
q03321,83,415,1,1,,
q03322,94,118,1,1,,
q03323,140,134,1,1,,
q03324,182,155,1,1,,
q03325,145,223,1,1,,
q03326,89,195,0,1,,
q03327,92,172,1,1,,
q03328,116,311,1,1,,
q03329,192,151,1,1,,
q03330,36,265,1,1,,
q03331,82,320,1,1,,
q03332,145,191,1,1,,
q03333,77,332,0,1,,
q03334,133,150,1,1,,
q03335,108,233,1,1,,
q03336,146,271,0,1,,
q03337,86,253,1,1,,
q03338,150,174,1,1,,
q03339,84,379,1,1,,
q03340,155,189,0,1,,
q03341,99,199,1,1,1,1
q03342,129,301,1,1,,
q03343,47,164,1,1,,
q03344,154,407,0,1,,
q03345,118,105,1,1,,
q03346,121,145,1,1,0,1
q03347,112,204,1,1,,
q03348,94,169,1,1,,
q03349,61,130,1,0,,
q03350,159,189,1,1,,
q03351,129,476,0,1,,
q03352,122,155,0,1,,
q03353,120,129,1,1,,
q03354,40,149,0,1,,
q03355,61,379,0,1,,
q03356,27,280,0,1,0,1
q03357,212,94,1,1,,
q03358,204,210,1,1,,
q03359,60,480,1,1,,
q03360,61,204,1,1,1,1
q03361,112,255,1,1,1,1
q03362,153,136,1,1,,
q03363,87,271,0,1,,
q03364,75,139,1,1,,
q03365,103,240,0,1,0,1
q03366,136,351,1,1,,
q03367,127,124,1,1,,
q03368,246,115,1,1,,
q03369,54,180,1,1,,
q03370,255,315,1,1,0,1
q03371,109,133,1,1,,
q03372,101,222,1,1,,
q03373,38,211,0,1,,
q03374,57,283,1,1,1,0
q03375,69,162,1,1,,
q03376,374,127,1,1,,
q03377,73,261,0,1,,
q03378,108,211,1,1,,
q03379,53,180,0,0,,
q03380,166,274,1,1,,
q03381,96,160,1,1,,
q03382,101,130,0,1,,
q03383,100,164,0,0,,
q03384,111,212,1,1,,
q03385,74,179,1,1,,
q03386,54,96,1,1,,
q03387,145,203,1,1,,
q03388,54,94,1,1,,
q03389,94,375,1,1,,
q03390,61,230,0,1,,
q03391,38,169,0,0,,
q03392,75,413,0,1,,
q03393,106,203,0,1,,
q03394,77,270,0,1,,
q03395,54,193,1,1,1,1
q03396,116,368,0,1,,
q03397,114,222,1,1,,
q03398,81,152,0,1,0,0
q03399,86,153,1,1,,
q03400,198,351,1,1,,
q03401,84,119,0,1,,
q03402,116,276,0,1,,
q03403,55,303,1,1,,
q03404,134,170,1,1,,
q03405,60,156,0,1,,
q03406,173,125,1,1,,
q03407,50,143,1,1,,
q03408,56,140,0,1,,
q03409,69,85,1,1,,
q03410,87,120,1,0,1,0
q03411,58,287,1,1,,
q03412,124,367,1,1,0,1
q03413,60,175,1,1,,
q03414,152,145,0,1,,
q03415,61,202,1,1,,
q03416,59,92,1,0,,
q03417,70,74,0,0,,
q03418,179,194,1,1,,
q03419,91,126,0,1,,
q03420,40,205,1,1,1,1
q03421,114,249,1,1,,
q03422,54,148,0,1,,
q03423,128,205,1,1,,
q03424,79,226,1,1,,
q03425,80,399,1,1,,
q03426,122,219,1,1,,
q03427,137,53,1,0,,
q03428,58,161,0,1,,
q03429,61,155,0,0,,
q03430,69,264,1,1,,
q03431,87,187,1,1,,
q03432,81,191,0,1,,
q03433,93,254,1,1,,
q03434,87,101,0,1,,
q03435,97,43,1,1,,
q03436,87,169,1,1,,
q03437,204,229,1,1,,
q03438,95,219,1,1,,
q03439,84,355,0,1,,
q03440,80,108,0,1,0,1
q03441,201,142,1,1,,
q03442,123,158,1,0,,
q03443,92,259,0,1,1,1
q03444,117,166,0,1,,
q03445,115,238,0,1,,
q03446,47,137,1,0,,
q03447,82,235,1,1,,
q03448,63,152,0,0,,
q03449,92,351,1,1,,
q03450,143,300,1,1,,
q03451,216,282,1,1,,
q03452,97,238,1,1,1,1
q03453,99,472,0,1,,
q03454,145,408,1,1,,
q03455,31,147,1,1,1,1
q03456,49,251,1,1,,
q03457,175,185,1,0,,
q03458,117,194,0,0,0,1
q03459,71,144,0,0,,
q03460,142,129,1,1,,
q03461,57,325,1,1,0,1
q03462,99,453,0,1,,
q03463,109,197,1,0,,
q03464,59,318,0,0,,
q03465,149,124,1,1,,
q03466,72,111,0,1,0,1
q03467,174,277,1,1,1,1
q03468,97,406,1,1,,
q03469,183,176,1,1,,
q03470,182,235,1,0,,
q03471,104,170,1,0,,
q03472,114,150,0,1,,
q03473,141,67,0,1,,
q03474,86,205,1,1,,
q03475,89,273,1,1,,
q03476,164,440,1,1,,
q03477,203,255,1,1,,
q03478,142,136,1,1,,
q03479,75,311,1,1,1,1
q03480,90,157,1,1,,
q03481,136,196,0,1,0,0
q03482,28,146,1,1,,
q03483,112,103,1,0,,
q03484,70,122,0,1,,
q03485,41,332,1,1,,
q03486,131,264,0,0,,
q03487,138,262,1,1,,
q03488,89,160,1,1,,
q03489,154,209,0,1,0,0
q03490,56,243,1,0,1,0
q03491,140,81,1,1,,
q03492,164,124,1,1,,
q03493,101,197,0,1,,
q03494,205,145,1,1,1,1
q03495,68,257,0,0,,
q03496,79,360,0,0,,
q03497,92,126,0,1,,
q03498,66,144,1,0,,
q03499,80,194,0,1,,
q03500,130,262,1,1,,
q03501,76,243,1,0,,
q03502,91,382,0,1,,
q03503,192,128,1,1,,
q03504,81,304,1,1,,
q03505,83,115,0,1,,
q03506,65,317,1,1,,
q03507,142,164,0,0,,
q03508,212,101,1,0,,
q03509,76,216,1,1,,
q03510,114,156,1,1,,
q03511,89,242,1,1,,
q03512,96,264,0,1,,
q03513,97,283,0,1,,
q03514,151,191,1,1,,
q03515,123,237,0,1,,
q03516,123,309,1,1,,
q03517,78,441,1,1,,
q03518,146,137,1,0,,
q03519,82,120,1,0,,
q03520,81,222,0,1,,
q03521,55,113,1,0,,
q03522,55,91,1,1,,
q03523,87,213,1,1,,
q03524,61,204,1,1,,
q03525,136,351,1,1,,
q03526,181,258,1,1,,
q03527,95,155,1,0,,
q03528,85,156,0,1,0,1
q03529,47,228,0,1,,
q03530,63,273,1,1,,
q03531,144,313,1,1,,
q03532,235,211,1,0,,
q03533,65,310,0,0,1,0
q03534,45,126,1,1,,
q03535,108,309,1,1,,
q03536,99,444,1,1,,
q03537,154,187,1,1,,
q03538,200,328,0,1,0,1
q03539,64,122,1,0,,
q03540,149,109,1,1,,
q03541,62,242,0,1,,
q03542,169,181,1,1,1,1
q03543,135,120,0,1,,
q03544,85,242,1,1,,
q03545,47,88,1,1,1,1
q03546,97,261,0,1,,
q03547,63,198,1,1,,
q03548,68,102,1,1,,
q03549,155,188,1,0,0,0
q03550,114,178,1,1,,
q03551,120,134,1,1,1,0
q03552,69,349,0,1,1,1
q03553,58,265,1,1,1,0
q03554,112,156,1,1,,
q03555,114,122,1,1,,
q03556,89,117,0,0,,
q03557,250,467,1,1,,
q03558,80,193,1,1,,
q03559,116,282,1,1,,
q03560,62,243,1,1,,
q03561,94,190,1,1,,
q03562,132,92,0,1,,
q03563,137,139,1,1,,
q03564,85,116,0,0,,
q03565,180,227,0,1,,
q03566,155,225,1,1,,
q03567,118,423,1,1,,
q03568,199,351,1,1,,
q03569,92,79,1,1,,
q03570,128,184,1,0,1,0
q03571,236,94,1,0,,
q03572,153,184,1,1,,
q03573,66,145,1,1,,
q03574,61,101,1,1,,
q03575,125,101,1,0,,
q03576,138,402,1,1,,
q03577,72,57,1,1,,
q03578,106,156,1,1,,
q03579,145,513,1,1,,
q03580,93,349,1,1,,
q03581,96,190,1,1,,
q03582,62,171,1,1,,
q03583,82,125,0,1,,
q03584,114,105,0,1,,
q03585,22,305,1,1,,
q03586,113,408,1,1,,
q03587,84,320,1,1,1,1
q03588,151,256,1,1,,
q03589,43,348,0,1,0,1
q03590,167,373,1,1,,
q03591,74,432,1,1,,
q03592,73,180,0,0,,
q03593,63,535,0,1,,
q03594,124,128,1,1,0,1
q03595,100,147,0,1,,
q03596,59,319,0,1,,
q03597,106,153,1,1,,
q03598,287,97,1,0,,
q03599,107,192,0,0,,
q03600,76,231,1,1,,
q03601,123,140,0,0,,
q03602,63,124,1,1,,
q03603,80,192,1,0,1,0
q03604,100,269,1,1,1,1
q03605,95,277,1,1,1,1
q03606,77,118,1,1,,
q03607,174,125,1,1,,
q03608,55,104,0,1,,
q03609,127,188,0,1,,
q03610,160,216,1,1,,
q03611,101,174,1,1,,
q03612,82,192,1,1,1,1
q03613,111,140,0,1,,
q03614,119,134,1,0,,
q03615,205,128,1,0,,
q03616,100,112,1,1,,
q03617,180,275,1,1,,
q03618,180,241,0,0,,
q03619,152,172,1,1,,
q03620,50,215,0,1,,
q03621,59,167,0,0,,
q03622,86,229,1,1,,
q03623,196,120,1,1,,
q03624,45,257,1,0,,
q03625,54,318,0,1,,
q03626,41,386,1,1,,
q03627,158,323,1,1,1,1
q03628,68,192,1,1,,
q03629,91,129,1,1,,
q03630,77,233,1,1,,
q03631,151,145,1,1,,
q03632,104,211,1,1,,
q03633,179,381,0,1,,
q03634,138,203,1,1,,
q03635,96,155,1,1,,
q03636,114,145,1,1,,
q03637,74,236,1,1,,
q03638,129,129,0,1,,
q03639,87,134,1,1,1,1
q03640,42,240,1,1,,
q03641,33,98,0,1,0,1
q03642,101,153,0,1,,
q03643,59,88,0,0,,
q03644,171,212,0,1,,
q03645,62,195,1,1,,
q03646,105,114,1,0,,
q03647,77,218,1,1,1,1
q03648,154,188,1,0,,
q03649,102,71,1,1,,
q03650,68,144,1,1,,
q03651,87,204,1,1,,
q03652,139,256,1,1,,
q03653,134,279,1,1,1,1
q03654,227,116,1,1,,
q03655,92,204,0,1,0,1
q03656,84,206,1,1,,
q03657,133,244,0,0,,
q03658,85,185,0,1,,
q03659,98,146,1,1,,
q03660,127,403,0,1,,
q03661,91,293,1,1,,
q03662,94,129,0,0,,
q03663,191,656,1,1,,
q03664,66,162,0,1,,
q03665,95,146,0,1,0,1
q03666,73,163,0,0,,
q03667,45,150,0,1,,
q03668,88,163,0,1,0,0
q03669,161,122,1,1,,
q03670,103,150,0,0,0,0
q03671,138,71,1,1,,
q03672,123,255,0,1,0,1
q03673,75,402,1,1,,
q03674,93,201,1,1,,
q03675,123,174,1,1,,
q03676,58,197,1,1,,
q03677,73,202,1,1,1,1
q03678,134,122,0,1,,
q03679,114,230,0,1,,
q03680,96,131,0,1,,
q03681,68,146,0,0,,
q03682,40,120,0,0,,
q03683,114,148,1,0,,
q03684,47,247,1,1,,
q03685,110,74,0,0,,
q03686,95,304,0,1,,
q03687,161,216,1,0,,
q03688,90,221,1,1,,
q03689,88,368,1,1,,
q03690,71,142,0,1,,
q03691,71,276,1,0,,
q03692,124,147,0,1,,
q03693,46,160,1,1,,
q03694,89,274,1,0,0,0
q03695,112,235,1,1,,
q03696,109,309,1,1,,
q03697,73,170,1,1,,
q03698,55,98,1,0,1,0
q03699,111,187,0,1,,
q03700,155,187,0,1,,
q03701,116,292,1,0,,
q03702,112,143,0,1,,
q03703,111,167,1,1,,
q03704,104,464,1,1,,
q03705,42,300,1,1,,
q03706,105,444,1,1,,
q03707,49,212,1,1,,
q03708,162,265,1,1,,
q03709,134,124,0,1,,
q03710,80,125,1,1,1,1
q03711,80,228,1,1,,
q03712,329,206,1,1,,
q03713,113,307,1,1,,
q03714,76,168,0,1,,
q03715,143,449,1,1,,
q03716,64,402,1,0,,
q03717,126,114,1,1,1,1
q03718,136,146,1,1,1,1
q03719,56,223,1,1,,
q03720,114,169,1,0,,
q03721,38,112,1,1,1,1
q03722,47,337,1,1,,
q03723,65,259,1,0,,
q03724,111,110,1,1,,
q03725,95,425,0,1,1,0
q03726,64,150,1,0,,
q03727,33,86,1,0,,
q03728,123,188,0,1,,
q03729,169,159,1,1,,
q03730,71,156,0,0,,
q03731,102,238,1,1,,
q03732,161,243,1,1,,
q03733,123,95,1,0,,
q03734,157,135,1,1,,
q03735,135,229,1,1,,
q03736,199,185,1,0,,
q03737,143,199,1,1,,
q03738,110,185,0,1,,
q03739,139,171,1,1,,
q03740,68,312,0,1,,
q03741,88,165,1,1,,
q03742,66,137,1,1,,
q03743,86,142,1,1,,
q03744,70,167,1,1,,
q03745,302,155,1,1,,
q03746,92,329,1,1,,
q03747,35,222,1,1,1,1
q03748,126,105,1,1,,
q03749,153,179,1,1,,
q03750,84,204,1,0,,
q03751,110,154,1,0,,
q03752,76,234,1,1,,
q03753,115,301,0,1,,
q03754,112,136,1,1,,
q03755,125,205,0,1,,
q03756,133,150,1,1,,
q03757,55,267,1,1,1,1
q03758,145,167,1,1,,
q03759,251,270,1,1,,
q03760,85,256,1,1,,
q03761,112,76,1,1,,
q03762,86,58,1,0,,
q03763,132,286,1,1,,
q03764,117,174,0,0,,
q03765,233,284,1,1,,
q03766,73,227,1,0,1,1
q03767,99,281,1,1,,
q03768,178,270,1,1,,
q03769,141,603,1,1,,
q03770,79,283,1,1,1,1
q03771,69,186,0,1,1,1
q03772,59,313,0,1,,
q03773,186,296,1,1,,
q03774,116,196,1,0,,
q03775,38,339,1,1,,
q03776,168,173,1,1,,
q03777,127,179,0,0,,
q03778,70,83,0,1,,
q03779,153,57,1,1,,
q03780,148,160,0,1,,
q03781,101,126,1,1,,
q03782,106,155,1,1,,
q03783,98,245,1,0,,
q03784,60,114,0,0,,
q03785,57,319,1,1,,
q03786,85,172,0,1,0,1
q03787,87,215,1,1,,
q03788,131,738,0,1,,
q03789,113,245,1,1,,
q03790,52,176,1,0,,
q03791,155,321,0,1,,
q03792,77,383,1,1,,
q03793,50,149,0,1,,
q03794,143,282,0,1,,
q03795,67,495,1,1,,
q03796,123,240,1,1,,
q03797,110,180,1,1,,
q03798,161,73,1,1,,
q03799,144,381,1,1,1,1
q03800,68,190,1,0,,
q03801,73,141,1,1,,
q03802,172,153,1,1,1,1
q03803,273,186,1,1,,
q03804,88,136,1,1,,
q03805,99,346,1,1,,
q03806,46,107,0,1,,
q03807,91,136,1,1,,
q03808,154,130,0,1,1,1
q03809,113,188,1,1,,
q03810,58,191,1,1,,
q03811,67,171,1,1,,
q03812,116,359,1,1,,
q03813,148,94,1,1,1,1
q03814,94,102,1,0,,
q03815,31,181,1,1,,
q03816,120,189,1,1,,
q03817,33,427,1,1,1,1
q03818,114,230,1,0,,
q03819,120,461,1,1,,
q03820,143,335,1,1,,
q03821,79,154,1,1,,
q03822,81,425,1,1,1,1
q03823,173,150,0,1,,
q03824,221,137,1,1,,
q03825,288,66,1,1,,
q03826,31,211,0,1,,
q03827,53,181,1,1,,
q03828,96,174,1,1,,
q03829,208,159,1,1,,
q03830,141,299,1,1,,
q03831,159,240,1,1,,
q03832,94,66,1,1,,
q03833,111,208,1,1,,
q03834,77,253,0,1,0,1
q03835,82,297,1,1,,
q03836,162,228,1,0,,
q03837,104,373,1,1,,
q03838,152,350,0,1,,
q03839,105,245,0,1,0,1
q03840,343,238,1,1,,
q03841,76,301,1,1,,
q03842,75,130,0,1,,
q03843,114,285,1,1,,
q03844,41,107,0,1,,
q03845,142,293,1,1,,
q03846,69,173,0,1,,
q03847,88,193,1,0,,
q03848,88,202,1,1,,
q03849,68,501,1,1,,
q03850,153,134,1,1,,
q03851,203,282,1,1,,
q03852,57,240,1,1,,
q03853,124,184,1,0,,
q03854,139,196,1,1,,
q03855,188,131,1,1,,
q03856,60,82,1,0,,
q03857,41,164,1,1,1,1
q03858,72,240,0,1,,
q03859,100,157,0,1,,
q03860,93,304,1,1,,
q03861,46,229,1,1,,
q03862,132,188,0,1,,
q03863,113,310,0,1,,
q03864,70,87,1,1,,
q03865,112,43,0,0,,
q03866,34,56,1,1,,
q03867,79,109,1,1,1,1
q03868,164,187,1,0,,
q03869,97,207,1,1,,
q03870,108,94,1,1,,
q03871,88,443,1,1,,
q03872,75,319,1,1,1,1
q03873,183,191,1,1,,
q03874,89,301,1,1,,
q03875,68,228,1,0,,
q03876,88,217,1,1,,
q03877,66,160,0,1,,
q03878,41,454,1,1,,
q03879,178,186,1,1,,
q03880,102,88,1,1,,
q03881,86,241,0,1,0,1
q03882,93,110,0,1,1,1
q03883,53,254,0,0,,
q03884,112,127,1,1,,
q03885,171,106,1,1,1,1
q03886,111,217,1,1,,
q03887,78,151,0,1,,
q03888,68,209,1,0,,
q03889,136,166,1,0,1,1
q03890,110,589,0,1,,
q03891,66,211,0,0,,
q03892,45,176,1,0,,
q03893,152,284,1,1,,
q03894,121,149,1,1,,
q03895,257,231,1,0,,
q03896,181,207,1,1,,
q03897,65,227,1,1,,
q03898,171,242,0,1,0,1
q03899,98,194,1,1,,
q03900,208,229,1,1,0,1
q03901,82,132,0,1,,
q03902,173,203,0,1,,
q03903,146,185,1,1,,
q03904,112,174,1,1,1,1
q03905,70,172,0,1,,
q03906,168,186,1,1,,
q03907,134,140,1,1,,
q03908,59,132,0,0,,
q03909,102,242,0,1,,
q03910,82,152,0,1,0,1
q03911,97,261,1,1,,
q03912,138,295,0,1,,
q03913,108,190,1,1,,
q03914,54,337,0,1,,
q03915,103,275,1,1,,
q03916,118,207,0,1,0,0
q03917,73,79,1,1,,
q03918,85,111,1,1,,
q03919,87,307,1,1,,
q03920,96,428,1,1,,
q03921,180,151,1,0,1,0
q03922,39,204,1,1,,
q03923,160,193,1,0,,
q03924,142,293,1,1,0,1
q03925,113,265,1,1,0,0
q03926,88,257,1,1,,
q03927,67,245,0,1,1,0
q03928,133,215,0,1,,
q03929,114,345,1,1,,
q03930,138,495,1,1,1,0
q03931,30,86,1,1,,
q03932,91,234,0,0,,
q03933,108,147,0,1,,
q03934,68,307,1,1,1,0
q03935,44,134,0,0,,
q03936,179,168,1,1,,
q03937,74,263,0,1,,
q03938,212,114,1,1,,
q03939,101,182,0,1,,
q03940,103,180,1,1,,
q03941,148,128,1,1,1,1
q03942,119,165,1,1,,
q03943,163,129,0,1,1,1
q03944,114,113,1,1,,
q03945,153,133,0,0,,
q03946,89,402,0,1,1,1
q03947,94,201,1,1,,
q03948,140,287,1,1,,
q03949,120,245,0,1,,
q03950,140,450,0,1,0,1
q03951,97,129,1,1,1,1
q03952,172,311,1,1,,
q03953,89,248,1,1,,
q03954,110,382,0,1,0,1
q03955,135,133,1,0,1,0
q03956,89,361,0,1,,
q03957,141,288,1,1,1,1
q03958,103,341,0,1,,
q03959,136,175,1,1,,
q03960,62,176,0,1,,
q03961,102,144,1,1,,
q03962,95,110,0,1,,
q03963,120,143,1,1,,
q03964,52,156,0,1,,
q03965,143,161,1,1,,
q03966,113,213,0,1,,
q03967,174,135,0,1,0,1
q03968,148,243,0,0,0,0
q03969,37,258,1,1,1,1
q03970,42,150,0,0,,
q03971,132,136,1,1,,
q03972,143,163,1,1,,
q03973,36,135,1,1,,
q03974,121,215,1,1,,
q03975,119,198,0,1,,
q03976,100,228,0,1,0,1
q03977,185,246,1,0,,
q03978,64,409,1,1,,
q03979,149,218,0,0,,
q03980,118,208,1,0,,
q03981,106,318,1,1,,
q03982,47,557,1,1,,
q03983,105,606,1,1,,
q03984,87,122,0,1,,
q03985,69,200,1,1,,
q03986,240,280,1,0,,
q03987,115,144,1,0,,
q03988,131,197,1,1,,
q03989,95,241,0,1,,
q03990,162,342,1,1,,
q03991,97,218,1,1,,
q03992,129,453,1,1,,
q03993,71,277,1,1,1,0
q03994,53,152,0,0,0,0
q03995,109,232,0,1,,
q03996,174,215,0,1,,
q03997,97,154,1,1,,
q03998,193,170,1,1,,
q03999,126,187,1,1,,
